edge_id,risk,risk_dark,incident_count
180,8.0,10.0,4
298,2.0,2.0,1
467,2.0,2.0,1
549,3.0,4.5,1
574,7.0,8.0,3
686,3.0,3.0,1
1560,2.0,2.0,1
2019,2.0,3.0,1
2197,6.5,9.75,1
2207,5.0,5.0,1
2237,5.0,5.0,1
2244,3.0,4.5,1
2373,2.0,2.0,1
2412,3.0,3.0,1
2419,11.0,15.0,3
2422,3.0,3.0,1
2425,3.0,4.5,1
2455,2.0,2.0,1
2469,5.0,5.0,2
2560,3.0,3.0,1
2821,5.0,7.5,1
2846,5.0,7.5,1
2861,5.0,5.0,1
2947,5.0,5.0,1
3539,5.0,5.0,1
3541,3.9000000000000004,5.8500000000000005,1
3803,5.0,5.0,1
4009,2.0,3.0,1
4028,3.9000000000000004,5.8500000000000005,1
4031,3.0,4.5,1
4034,5.0,7.5,1
4348,5.0,5.0,1
4418,2.0,2.0,1
4425,2.0,3.0,1
4845,3.9000000000000004,3.9000000000000004,1
4875,3.9000000000000004,3.9000000000000004,1
4876,6.5,6.5,1
4878,2.6,3.9000000000000004,1
5126,3.9000000000000004,5.8500000000000005,1
5244,2.0,3.0,1
5623,10.0,15.0,1
5624,3.0,3.0,1
5643,3.0,3.0,1
5665,5.0,5.0,1
5731,5.0,7.5,1
5733,3.0,3.0,1
5746,2.0,3.0,1
5747,6.5,6.5,1
5868,2.0,2.0,1
6214,3.0,3.0,1
6378,12.0,13.0,2
6611,2.0,2.0,1
6618,3.0,4.5,1
6725,3.0,3.0,1
6791,3.9000000000000004,5.8500000000000005,1
6859,3.0,4.5,1
6946,2.0,3.0,1
6984,2.0,3.0,1
7301,5.0,5.0,1
8478,3.9000000000000004,5.8500000000000005,1
8553,3.0,3.0,1
8810,6.0,7.5,2
9359,13.0,16.25,2
9448,2.0,2.0,1
9453,8.0,8.0,2
10633,3.0,3.0,1
10841,3.9000000000000004,3.9000000000000004,1
11113,2.0,3.0,1
11222,3.0,4.5,1
11464,5.0,5.0,1
11538,2.0,2.0,1
11547,5.0,5.0,1
11586,5.0,5.0,1
11686,5.0,7.5,1
11752,6.5,6.5,1
11763,6.5,9.75,1
11836,5.0,5.0,1
11842,3.9000000000000004,3.9000000000000004,1
11857,2.6,2.6,1
12797,3.9000000000000004,5.8500000000000005,1
12800,3.9000000000000004,3.9000000000000004,1
13581,3.0,3.0,1
13699,3.0,3.0,1
13742,2.6,2.6,1
13946,2.0,3.0,1
14081,2.0,2.0,1
14146,6.5,9.75,1
14182,5.0,5.0,1
14234,5.0,5.0,1
15083,5.0,5.0,1
15471,3.0,4.5,1
16076,2.0,2.0,1
16100,5.0,7.5,1
16407,10.0,10.0,1
16539,5.0,5.0,1
16585,10.0,10.0,2
16907,2.0,3.0,1
16946,5.0,5.0,1
17518,6.0,7.5,2
18681,2.0,2.0,1
18756,6.5,6.5,1
18769,10.0,10.0,2
18898,2.6,2.6,1
19150,6.5,9.75,1
19237,5.0,5.0,1
19860,5.0,5.0,1
20054,3.9000000000000004,5.8500000000000005,1
20656,6.0,7.5,2
20676,5.0,5.0,1
21432,5.0,7.5,1
21829,8.0,9.5,2
22488,3.0,4.5,1
22489,3.0,4.5,1
22577,13.0,13.0,3
22630,6.5,6.5,1
22631,6.5,6.5,1
22640,3.0,3.0,1
23027,2.0,2.0,1
23166,3.9000000000000004,3.9000000000000004,1
23170,6.5,6.5,1
23342,3.0,3.0,1
23446,6.5,6.5,1
23449,6.5,6.5,1
23450,13.0,13.0,1
23724,5.0,7.5,1
23874,3.0,4.5,1
24142,3.0,3.0,1
24248,5.0,5.0,1
24297,5.0,5.0,1
24503,6.5,6.5,1
25037,3.0,3.0,1
25054,2.0,2.0,1
25084,3.0,4.5,1
25111,2.0,3.0,1
25347,6.5,6.5,1
25582,5.0,5.0,1
25611,5.0,5.0,1
26041,2.0,3.0,1
26301,5.0,5.0,1
27241,3.0,4.5,1
27942,5.0,5.0,1
28253,6.5,6.5,1
29594,10.0,10.0,2
29747,5.0,5.0,1
29748,10.0,10.0,1
30771,2.0,2.0,1
30880,5.0,7.5,1
30885,5.0,7.5,1
31082,2.0,3.0,1
31124,5.0,5.0,1
31192,3.9000000000000004,5.8500000000000005,1
31198,3.0,3.0,1
31200,2.0,2.0,1
31828,5.0,5.0,1
33159,6.5,6.5,1
33712,5.0,7.5,1
33714,3.0,3.0,1
34045,2.0,3.0,1
34614,2.0,2.0,1
34618,2.0,2.0,1
34708,5.0,5.0,1
35903,3.9000000000000004,5.8500000000000005,1
36033,3.0,3.0,1
36258,5.0,7.5,1
36793,5.0,5.0,1
36832,3.9000000000000004,3.9000000000000004,1
36871,3.0,4.5,1
36970,5.0,5.0,1
37568,6.5,6.5,1
37580,3.9000000000000004,5.8500000000000005,1
37587,6.5,9.75,1
38274,3.0,4.5,1
39987,5.0,5.0,1
39995,6.5,9.75,1
40724,2.0,3.0,1
41336,6.5,6.5,1
41445,5.0,7.5,1
41582,13.0,13.0,1
41809,6.5,9.75,1
41853,5.0,5.0,1
41886,2.0,2.0,1
41938,2.0,2.0,1
42027,3.0,3.0,1
42335,3.9000000000000004,5.8500000000000005,1
42338,6.5,6.5,1
42341,3.9000000000000004,3.9000000000000004,1
42546,5.0,5.0,1
42829,3.0,3.0,1
42927,5.0,5.0,1
43062,3.0,3.0,1
43211,2.0,2.0,1
43572,5.0,7.5,1
43715,3.0,3.0,1
43984,10.0,10.0,2
44089,2.0,3.0,1
44209,2.0,2.0,1
44806,2.0,2.0,1
44857,3.0,3.0,1
44944,5.0,7.5,1
44983,5.0,5.0,1
45039,2.6,3.9000000000000004,1
45649,5.0,5.0,1
45818,5.0,5.0,1
45911,3.0,3.0,1
46250,5.0,5.0,1
46504,3.0,3.0,1
46552,3.0,4.5,1
47449,5.0,7.5,1
47642,5.0,5.0,1
48039,2.0,2.0,1
48218,6.5,9.75,1
48286,10.0,10.0,1
48400,6.5,9.75,1
49523,3.0,3.0,1
49637,5.0,7.5,1
49711,5.0,7.5,1
49814,6.5,6.5,1
51122,5.0,5.0,1
51377,10.0,15.0,1
52123,6.5,6.5,1
52125,3.9000000000000004,3.9000000000000004,1
52994,2.6,2.6,1
54407,5.0,5.0,1
55048,3.0,3.0,1
55326,3.0,3.0,1
55478,3.9000000000000004,5.8500000000000005,1
56697,3.0,4.5,1
59691,6.5,6.5,1
61596,5.0,5.0,1
61883,5.0,5.0,1
63773,5.0,5.0,1
63976,3.0,3.0,1
64593,10.0,10.0,1
67156,2.0,3.0,1
67503,3.0,4.5,1
68199,3.9000000000000004,3.9000000000000004,1
69526,2.0,2.0,1
72111,2.0,3.0,1
72153,3.0,3.0,1
72160,5.0,5.0,1
72557,5.0,5.0,1
72560,10.0,10.0,1
73684,2.0,3.0,1
73970,13.0,19.5,1
74027,3.9000000000000004,5.8500000000000005,1
74096,3.0,3.0,1
74230,5.0,5.0,1
74324,3.0,3.0,1
74535,13.0,13.0,1
74702,5.2,5.2,2
74703,2.6,2.6,1
74809,5.0,5.0,1
74920,6.0,7.5,2
74942,6.5,9.75,1
75078,5.0,7.5,1
75149,5.0,5.0,1
77116,5.0,5.0,1
77224,3.9000000000000004,3.9000000000000004,1
77227,5.0,7.5,1
77416,3.0,3.0,1
78285,10.0,15.0,1
78317,2.0,2.0,1
78318,5.0,7.5,1
78322,5.0,5.0,1
78729,2.0,2.0,1
79023,3.0,4.5,1
79418,2.0,2.0,1
79860,5.0,5.0,1
79938,5.0,5.0,1
80035,3.0,3.0,1
80521,5.0,5.0,1
80600,5.0,7.5,1
81055,5.0,5.0,1
81293,5.0,5.0,1
82362,5.0,5.0,1
83551,8.0,8.0,2
83552,3.0,3.0,1
83559,6.0,7.5,2
84310,5.0,5.0,1
84735,10.0,10.0,1
85243,5.0,5.0,1
85687,2.0,3.0,1
86164,3.0,4.5,1
86387,5.0,5.0,1
86472,3.9000000000000004,3.9000000000000004,1
86507,5.0,5.0,1
86578,3.0,4.5,1
86625,2.0,2.0,1
87191,5.0,5.0,1
87987,3.0,3.0,1
88284,6.5,9.75,1
88291,3.9000000000000004,3.9000000000000004,1
88870,5.0,5.0,1
88922,3.0,3.0,1
90888,6.5,6.5,1
91036,2.0,2.0,1
91153,5.0,5.0,1
91197,5.0,7.5,1
91341,5.0,5.0,1
93093,2.6,3.9000000000000004,1
93633,5.0,7.5,1
94913,2.0,2.0,1
94962,6.5,6.5,1
95613,5.0,5.0,1
95880,3.0,3.0,1
96368,5.0,5.0,1
97544,5.0,7.5,1
97549,3.0,4.5,1
97614,6.5,6.5,1
99836,3.0,3.0,1
101476,3.0,3.0,1
102226,5.0,5.0,1
102950,3.0,3.0,1
103045,3.0,4.5,1
104002,3.0,3.0,1
105343,5.0,7.5,1
105659,3.0,3.0,1
106650,3.0,3.0,1
106928,6.5,9.75,1
108861,3.0,3.0,1
111004,5.0,5.0,1
111225,3.0,4.5,1
111301,5.0,5.0,1
114443,3.9000000000000004,3.9000000000000004,1
117823,2.0,2.0,1
118484,3.9000000000000004,5.8500000000000005,1
118806,6.5,9.75,1
119199,3.0,4.5,1
119283,6.5,9.75,1
119284,2.0,2.0,1
120273,6.5,9.75,1
120642,3.0,4.5,1
120924,5.0,5.0,1
120952,11.0,15.0,3
121253,5.0,5.0,1
121753,5.0,5.0,1
122275,3.0,3.0,1
122304,5.0,5.0,1
122558,3.0,3.0,1
122564,5.0,5.0,1
123397,3.0,3.0,1
124358,6.0,6.0,2
124369,6.5,6.5,1
124595,6.5,6.5,1
125030,5.0,7.5,1
125386,5.0,7.5,1
125518,10.4,12.350000000000001,2
125620,3.0,3.0,1
126110,13.0,19.5,1
126485,6.5,6.5,1
127122,2.0,3.0,1
127870,5.0,5.0,1
127952,2.0,2.0,1
127976,5.0,5.0,1
129278,3.0,3.0,1
129564,3.9000000000000004,3.9000000000000004,1
129629,7.0,7.0,2
129646,13.0,13.0,1
129744,6.5,6.5,1
132457,3.0,3.0,1
132485,6.0,6.0,2
132728,5.0,7.5,1
133046,5.0,5.0,1
133056,5.0,7.5,1
133105,3.0,3.0,1
133166,2.0,3.0,1
136178,5.0,5.0,1
137342,13.0,19.5,1
138633,6.5,6.5,1
138699,3.9000000000000004,3.9000000000000004,1
138975,3.0,3.0,1
138984,10.0,10.0,1
139034,3.9000000000000004,3.9000000000000004,1
139097,5.0,5.0,1
139129,13.0,16.25,2
139142,3.0,3.0,1
139177,5.0,5.0,1
139212,2.0,2.0,1
139234,5.0,5.0,1
139258,5.0,5.0,1
139275,2.0,2.0,1
139366,5.0,7.5,1
139704,2.0,2.0,1
139719,3.0,4.5,1
140012,5.0,7.5,1
140610,5.0,7.5,1
141053,3.0,3.0,1
141654,5.0,7.5,1
141942,3.9000000000000004,5.8500000000000005,1
142118,3.9000000000000004,3.9000000000000004,1
142903,5.0,5.0,1
143942,2.0,2.0,1
144936,5.0,7.5,1
145174,3.0,3.0,1
145432,16.9,25.35,3
145675,2.6,2.6,1
147800,5.0,5.0,1
149216,5.0,7.5,1
149341,5.0,7.5,1
149346,5.0,5.0,1
149390,6.5,6.5,1
149392,5.0,7.5,1
149393,3.0,3.0,1
149526,2.0,3.0,1
149564,5.0,5.0,1
149788,13.0,13.0,1
151774,3.9000000000000004,3.9000000000000004,1
153161,3.0,3.0,1
153641,2.0,2.0,1
153820,5.0,7.5,1
153844,3.0,4.5,1
153971,5.0,7.5,1
154218,3.0,4.5,1
154388,3.0,3.0,1
154716,3.9000000000000004,5.8500000000000005,1
156292,5.0,5.0,1
157269,6.5,6.5,1
157302,5.0,7.5,1
157334,3.9000000000000004,5.8500000000000005,1
157354,5.0,5.0,1
157356,3.0,4.5,1
157365,5.0,7.5,1
157387,5.0,5.0,1
157391,6.5,6.5,1
157400,3.0,3.0,1
157441,6.5,9.75,1
157527,3.9000000000000004,3.9000000000000004,1
159193,2.0,3.0,1
160444,5.0,5.0,1
161127,6.5,6.5,1
161536,2.0,2.0,1
166011,5.0,5.0,1
167882,5.0,5.0,1
167904,5.0,7.5,1
168787,2.0,2.0,1
168848,5.0,7.5,1
169479,5.0,5.0,1
169521,5.0,5.0,1
171583,5.0,5.0,1
172557,5.0,5.0,1
173156,6.5,6.5,1
179750,5.0,5.0,1
184737,3.0,3.0,1
185716,5.0,5.0,1
187828,10.0,10.0,1
188283,2.0,2.0,1
188376,5.0,5.0,1
188422,5.0,5.0,1
188483,3.0,4.5,1
188925,3.0,4.5,1
189397,5.0,5.0,1
190720,3.0,3.0,1
191160,3.0,4.5,1
195337,3.0,3.0,1
195609,3.0,4.5,1
198060,3.0,3.0,1
198135,5.0,5.0,1
199904,3.0,3.0,1
200439,5.0,5.0,1
201520,2.0,3.0,1
205110,5.0,5.0,1
206031,5.0,7.5,1
207734,2.0,3.0,1
209544,5.0,7.5,1
209598,3.0,4.5,1
209735,5.0,5.0,1
209738,3.9000000000000004,5.8500000000000005,1
209757,3.9000000000000004,5.8500000000000005,1
209791,7.800000000000001,7.800000000000001,2
209914,13.0,13.0,1
209941,3.0,3.0,1
210151,5.0,5.0,1
210152,5.0,5.0,1
210849,1.0,1.0,1
210856,3.0,3.0,1
210936,3.0,3.0,1
211513,3.0,3.0,1
211952,3.0,3.0,1
214379,5.0,5.0,1
214737,3.0,3.0,1
217413,3.0,3.0,1
217949,2.0,2.0,1
218135,3.0,3.0,1
218725,5.0,7.5,1
221282,3.0,4.5,1
222597,3.0,3.0,1
223630,5.0,5.0,1
225610,5.0,7.5,1
227300,3.9000000000000004,3.9000000000000004,1
227478,5.0,5.0,1
227759,3.0,3.0,1
229675,5.0,5.0,1
230210,3.0,3.0,1
233151,3.0,3.0,1
235121,3.0,4.5,1
235124,3.0,3.0,1
237295,8.0,12.0,2
237299,5.0,5.0,1
237898,5.0,5.0,1
238085,2.0,2.0,1
238246,2.0,2.0,1
238844,3.0,3.0,1
239067,6.5,9.75,1
239466,5.0,5.0,1
240910,5.0,7.5,1
240982,3.0,4.5,1
241088,3.0,3.0,1
241093,5.0,5.0,2
241103,1.0,1.5,1
241104,3.0,4.5,1
241117,2.0,2.0,1
241142,3.9000000000000004,3.9000000000000004,1
241217,3.9000000000000004,3.9000000000000004,1
242874,3.9000000000000004,3.9000000000000004,1
243583,3.9000000000000004,3.9000000000000004,1
244402,6.5,9.75,1
244684,5.0,7.5,1
244721,2.0,2.0,1
245061,6.5,6.5,1
246701,3.0,3.0,1
247405,5.0,5.0,1
247465,6.5,6.5,1
248910,3.0,3.0,1
249175,2.0,2.0,1
249369,5.0,7.5,1
249467,5.0,7.5,1
250264,5.0,7.5,1
250464,3.0,4.5,1
250670,5.0,5.0,1
259220,5.0,5.0,1
261931,6.5,9.75,1
262237,6.5,6.5,1
262266,6.5,6.5,1
262286,13.0,13.0,1
264121,2.0,2.0,1
265145,2.0,2.0,1
266754,13.0,16.25,2
267020,2.6,2.6,1
267895,6.5,6.5,1
270673,3.0,4.5,1
270772,5.0,7.5,1
271456,2.0,2.0,1
272866,3.9000000000000004,3.9000000000000004,1
272867,3.9000000000000004,3.9000000000000004,1
273106,6.5,6.5,1
274076,3.0,3.0,1
274948,3.0,4.5,1
275238,6.5,6.5,1
275257,3.0,4.5,1
275595,3.0,3.0,1
275865,2.6,2.6,1
275943,3.0,3.0,1
276223,6.5,6.5,1
276304,8.0,9.5,2
276468,2.0,3.0,1
276714,5.0,5.0,1
278172,5.0,7.5,1
278612,5.0,7.5,1
278660,6.5,6.5,1
278712,5.0,7.5,1
278884,5.0,5.0,1
278945,3.0,3.0,1
278947,5.0,5.0,1
279081,5.0,7.5,1
279100,5.0,7.5,1
279147,5.0,5.0,1
279204,5.0,5.0,1
279220,5.0,5.0,1
279231,2.0,2.0,1
279304,2.0,2.0,1
279341,5.0,7.5,1
279363,2.0,3.0,1
279387,5.0,5.0,1
279502,2.0,2.0,1
280101,2.0,2.0,1
280160,2.0,2.0,1
280162,3.0,4.5,1
280185,3.0,4.5,1
280287,5.0,5.0,1
280446,3.0,3.0,1
281782,2.0,2.0,1
281808,5.0,7.5,1
282211,3.0,3.0,1
283791,10.0,10.0,1
284291,5.0,5.0,1
284303,3.0,3.0,1
284318,3.0,3.0,1
284391,2.0,3.0,1
286274,6.5,6.5,1
287323,2.6,2.6,1
288451,3.0,3.0,1
288455,5.0,7.5,1
288480,3.0,4.5,1
288502,2.0,2.0,1
289817,10.4,13.65,2
289944,5.0,5.0,1
290279,5.0,7.5,1
290320,5.0,5.0,1
290715,5.0,7.5,1
290848,5.0,5.0,1
291523,3.0,3.0,1
291587,5.0,5.0,1
291588,5.0,7.5,1
293035,6.5,9.75,1
300889,5.0,7.5,1
302156,3.0,4.5,1
303951,7.0,9.5,2
303954,8.0,12.0,2
303956,10.0,10.0,1
304080,6.5,6.5,1
304933,2.0,2.0,1
305285,5.0,7.5,1
305573,5.0,5.0,1
306597,5.0,7.5,1
306764,5.0,5.0,1
306765,2.0,3.0,1
308522,3.9000000000000004,3.9000000000000004,1
309129,6.5,9.75,1
309306,5.0,5.0,1
310746,6.5,6.5,1
310749,5.0,5.0,2
311278,2.0,2.0,1
311986,2.0,2.0,1
312728,6.5,9.75,1
313153,13.0,19.5,1
313208,2.0,2.0,1
313246,3.0,4.5,1
313666,3.9000000000000004,3.9000000000000004,1
313802,5.0,5.0,1
317075,2.0,2.0,1
317258,6.5,6.5,1
317321,3.0,3.0,1
317384,2.0,2.0,1
317398,3.0,3.0,1
318076,2.0,2.0,1
318088,5.0,5.0,1
318095,2.0,2.0,1
318129,5.0,5.0,1
318171,2.6,3.9000000000000004,1
318870,6.5,9.75,1
318872,3.9000000000000004,5.8500000000000005,1
319764,6.5,9.75,1
319996,5.0,5.0,1
322593,2.0,2.0,1
323982,6.5,9.75,1
325026,10.0,10.0,2
325391,3.0,3.0,1
326512,6.5,6.5,1
327400,3.9000000000000004,3.9000000000000004,1
328302,5.0,5.0,1
328625,3.9000000000000004,5.8500000000000005,1
328666,3.9000000000000004,3.9000000000000004,1
328700,2.6,3.9000000000000004,1
328719,15.0,17.5,2
329245,6.5,6.5,1
329567,3.9000000000000004,3.9000000000000004,1
332485,2.0,3.0,1
335017,6.5,9.75,2
335103,5.0,5.0,1
335229,6.5,9.75,1
335658,6.5,6.5,1
336508,3.0,3.0,1
338138,5.0,5.0,1
338139,3.0,4.5,1
340932,3.0,3.0,1
341044,5.0,7.5,1
341397,11.0,15.0,3
342426,3.0,3.0,1
343310,13.0,19.5,1
343342,5.0,5.0,1
343343,5.0,5.0,1
343642,5.0,7.5,1
345264,3.0,4.5,1
345281,3.0,3.0,1
345865,5.0,7.5,1
345937,6.5,9.75,1
346272,2.0,2.0,1
346325,3.0,3.0,1
346612,2.0,2.0,1
346681,5.0,5.0,1
346682,5.0,7.5,1
348250,6.5,6.5,1
348258,2.6,2.6,1
348888,2.0,2.0,1
351038,3.0,3.0,1
353628,6.5,9.75,1
354597,2.6,2.6,1
354612,2.6,2.6,1
354806,5.0,5.0,1
355084,6.5,6.5,1
355577,3.0,4.5,1
355702,5.0,7.5,1
355717,5.0,5.0,1
356544,6.0,6.0,2
356545,5.0,5.0,1
356548,8.0,12.0,2
356867,3.0,3.0,1
356884,3.9000000000000004,3.9000000000000004,1
357145,6.5,9.75,1
357530,6.5,6.5,1
357610,3.0,4.5,1
357953,5.0,7.5,1
358424,2.0,2.0,1
358436,6.0,7.5,2
359116,5.0,5.0,1
359204,5.0,7.5,1
359358,2.6,2.6,1
359772,5.0,7.5,1
359782,3.0,4.5,1
360227,6.5,6.5,1
360612,2.6,3.9000000000000004,1
360622,2.6,2.6,1
361511,3.9000000000000004,3.9000000000000004,1
363547,5.0,5.0,1
363570,3.0,3.0,1
363572,5.0,5.0,1
364697,2.0,3.0,1
366079,2.0,2.0,1
368715,3.9000000000000004,3.9000000000000004,1
369151,3.0,3.0,1
369156,5.0,7.5,1
370516,2.0,2.0,1
370521,3.0,3.0,1
370695,13.0,13.0,1
370983,3.9000000000000004,3.9000000000000004,1
371194,2.0,3.0,1
371196,3.0,3.0,1
371199,2.0,3.0,1
371223,2.0,2.0,1
371561,5.0,5.0,1
371587,3.0,3.0,1
372059,5.0,5.0,1
372079,2.0,2.0,1
372212,13.0,13.0,1
372219,5.0,5.0,1
372224,2.0,2.0,1
372383,5.0,5.0,1
372706,3.0,3.0,1
373573,6.5,6.5,1
373581,6.5,6.5,1
373976,3.0,3.0,1
374091,10.0,15.0,1
375947,7.0,7.0,2
375966,10.0,12.5,4
375970,3.0,3.0,1
378777,2.0,2.0,1
378812,19.5,26.0,2
379265,5.0,5.0,1
379308,3.0,3.0,1
379329,6.5,9.75,1
380046,5.0,5.0,1
380703,3.0,3.0,1
381084,5.0,5.0,1
381340,10.0,10.0,2
381386,2.0,2.0,1
381666,5.0,7.5,1
382282,5.0,5.0,1
382528,3.0,3.0,1
382737,5.0,5.0,1
383005,15.0,17.5,3
383141,5.0,5.0,1
383172,5.0,7.5,1
384331,9.1,9.1,2
384433,2.6,2.6,1
384555,3.9000000000000004,3.9000000000000004,1
384990,5.0,5.0,1
384995,2.0,2.0,1
385127,6.5,9.75,1
385499,2.6,2.6,1
385705,5.0,5.0,1
385761,1.0,1.0,1
386326,5.0,5.0,1
386967,2.0,2.0,1
387069,6.5,9.75,1
387095,3.0,3.0,1
387110,9.1,13.65,2
388804,3.0,3.0,1
389489,10.0,10.0,2
390253,6.5,6.5,1
390302,6.5,6.5,1
390416,3.0,3.0,1
390417,2.0,2.0,1
390575,3.0,3.0,1
390681,13.0,13.0,1
391192,3.0,3.0,1
391975,3.0,4.5,1
392209,3.9000000000000004,3.9000000000000004,1
392255,3.9000000000000004,3.9000000000000004,1
392512,3.0,3.0,1
392516,5.0,5.0,1
392528,5.0,7.5,1
392741,3.0,3.0,1
392814,10.4,10.4,2
392878,10.0,10.0,1
392966,5.0,5.0,1
392986,2.0,3.0,1
392999,3.0,4.5,1
393000,5.0,5.0,1
393040,2.0,2.0,1
393241,2.0,2.0,1
393419,6.5,9.75,1
393605,6.5,6.5,1
393807,5.0,5.0,1
393867,2.0,3.0,1
393891,3.9000000000000004,3.9000000000000004,1
395583,5.0,5.0,1
395728,3.0,3.0,1
395771,3.9000000000000004,5.8500000000000005,1
395870,9.1,13.65,2
396154,2.0,2.0,1
396658,5.0,5.0,1
396662,3.9000000000000004,3.9000000000000004,1
396782,5.0,5.0,1
396786,10.0,10.0,2
396792,3.0,3.0,1
396845,5.0,5.0,1
397030,5.0,7.5,1
397038,5.0,7.5,1
397103,5.0,5.0,1
397688,5.0,5.0,1
398706,6.5,6.5,1
398712,2.0,2.0,1
398713,3.0,4.5,1
398720,8.0,10.5,2
399635,2.0,2.0,1
399981,13.0,19.5,1
401245,6.5,6.5,1
401316,3.9000000000000004,5.8500000000000005,1
401599,3.9000000000000004,3.9000000000000004,1
401924,2.0,3.0,1
402880,3.9000000000000004,3.9000000000000004,1
402893,3.9000000000000004,3.9000000000000004,1
403683,3.0,3.0,1
403781,2.6,2.6,1
403919,13.0,13.0,1
404210,3.0,3.0,1
404270,5.2,5.2,2
404341,2.0,2.0,1
404369,3.0,3.0,1
404458,6.5,9.75,1
404567,5.0,5.0,1
404601,3.0,3.0,1
404612,5.0,5.0,1
404734,5.0,5.0,1
405132,3.9000000000000004,3.9000000000000004,1
405641,5.0,7.5,1
406186,3.9000000000000004,3.9000000000000004,1
406777,5.0,5.0,1
407229,3.9000000000000004,3.9000000000000004,1
407448,5.0,7.5,1
407568,5.0,7.5,1
408117,5.0,5.0,1
408746,3.0,4.5,1
408756,5.0,7.5,1
409377,2.0,3.0,1
409745,5.0,5.0,1
409975,5.0,5.0,1
410090,3.0,3.0,1
410098,3.0,3.0,1
410100,3.0,3.0,1
410835,5.0,5.0,1
411151,3.0,4.5,1
411183,5.0,5.0,1
411410,3.9000000000000004,3.9000000000000004,1
411974,10.0,15.0,1
412123,13.0,14.5,2
412162,3.9000000000000004,5.8500000000000005,1
412323,5.0,5.0,1
412385,10.0,10.0,1
412843,11.5,11.5,2
412854,5.0,7.5,1
413812,3.0,4.5,1
413958,2.0,2.0,1
414024,10.4,12.350000000000001,2
414208,5.0,7.5,1
414716,5.0,5.0,1
415102,5.0,5.0,1
415153,6.5,9.75,1
415267,5.0,5.0,1
415842,5.0,5.0,1
415858,3.0,3.0,1
416087,5.0,5.0,1
416281,5.0,5.0,1
416502,6.5,6.5,1
416626,3.0,4.5,1
416949,2.0,2.0,1
417145,2.0,2.0,1
417280,5.0,7.5,1
417423,3.0,3.0,1
417505,2.0,2.0,1
417555,3.9000000000000004,5.8500000000000005,1
417646,3.0,4.5,1
417675,5.0,7.5,1
417807,5.0,5.0,1
417823,5.0,5.0,1
418297,5.0,5.0,1
418569,2.0,2.0,1
418882,5.0,5.0,1
419868,3.0,3.0,1
421108,6.5,6.5,1
421721,6.5,9.75,1
421816,2.0,2.0,1
422950,3.0,3.0,1
423200,5.0,7.5,1
423271,5.0,7.5,1
423434,2.0,2.0,1
423575,3.0,4.5,1
423651,3.0,3.0,1
424220,2.0,2.0,1
424523,3.0,4.5,1
425348,3.0,3.0,1
425473,2.0,3.0,1
425799,6.5,6.5,1
426305,5.0,7.5,1
426887,5.0,7.5,1
427218,6.5,6.5,1
427220,3.9000000000000004,3.9000000000000004,1
427383,3.0,4.5,1
427384,5.0,5.0,1
427558,6.5,9.75,1
427795,3.9000000000000004,3.9000000000000004,1
428173,5.0,7.5,1
428780,3.9000000000000004,3.9000000000000004,1
431856,5.0,5.0,1
433471,5.0,5.0,1
433964,3.0,3.0,1
433988,5.0,5.0,1
434256,5.0,5.0,1
434344,3.0,3.0,1
434383,2.6,2.6,1
434423,3.0,3.0,1
435062,3.0,4.5,1
435250,5.0,7.5,1
436082,6.5,6.5,1
436410,5.0,5.0,1
437095,5.0,5.0,1
437998,3.0,3.0,1
438332,5.0,7.5,1
439372,3.0,4.5,1
440218,2.0,3.0,1
440727,3.0,4.5,1
440739,3.0,3.0,1
440847,6.5,9.75,1
440993,3.0,3.0,1
441145,2.0,2.0,1
441553,3.0,4.5,1
441990,5.0,5.0,1
441991,5.0,5.0,1
442632,5.0,5.0,1
442778,3.0,3.0,1
443560,5.0,7.5,1
444213,3.9000000000000004,3.9000000000000004,1
444216,2.0,2.0,1
446116,6.5,6.5,1
447763,5.0,7.5,1
447764,2.0,2.0,1
447970,6.5,6.5,1
449191,6.5,6.5,1
449223,6.5,9.75,1
449335,6.5,6.5,1
449489,5.0,5.0,1
449517,6.5,6.5,1
449560,3.0,3.0,1
449590,6.5,6.5,1
450894,2.0,2.0,1
450896,5.0,5.0,2
451819,5.0,5.0,1
451826,3.0,3.0,1
451827,5.0,6.0,2
451843,5.0,7.5,1
452158,2.0,3.0,1
452183,3.0,3.0,1
452195,3.0,4.5,1
452834,2.0,2.0,1
452878,5.0,7.5,1
453286,5.0,5.0,1
453439,2.0,2.0,1
453443,2.0,2.0,1
453447,4.0,4.0,2
454051,2.6,3.9000000000000004,1
454060,6.5,6.5,1
456141,5.0,7.5,1
456291,5.0,5.0,1
456377,3.0,3.0,1
456691,5.0,7.5,1
456705,2.0,2.0,1
457490,2.6,2.6,1
457859,5.0,5.0,1
458412,5.0,5.0,1
459364,5.0,5.0,1
460573,5.0,5.0,1
460667,2.0,2.0,1
460678,2.0,2.0,1
460728,3.0,3.0,1
460744,2.0,2.0,1
460786,1.0,1.0,1
460792,2.0,3.0,1
460926,6.5,6.5,1
461016,5.0,7.5,1
461869,8.0,12.0,2
462104,3.0,3.0,1
462204,5.0,5.0,1
462618,5.0,7.5,1
463844,5.0,5.0,1
464209,3.0,3.0,1
464230,2.6,2.6,1
464289,2.0,2.0,1
464724,5.0,5.0,1
467156,6.5,6.5,1
467265,3.9000000000000004,5.8500000000000005,1
467460,3.0,4.5,1
467693,2.0,3.0,1
467794,5.0,5.0,1
467858,5.0,7.5,1
468125,3.0,3.0,1
468936,2.0,3.0,1
468939,3.0,4.5,1
469696,5.0,7.5,1
469768,5.0,5.0,1
469816,5.0,5.0,1
470547,2.0,2.0,1
470754,5.0,5.0,1
471227,5.0,5.0,1
471545,5.0,7.5,1
472374,10.0,12.5,2
472569,3.0,4.5,1
472669,2.0,2.0,1
472733,5.0,5.0,1
472860,3.0,4.5,1
472896,5.0,5.0,1
472912,3.0,3.0,1
472951,3.9000000000000004,5.8500000000000005,1
473676,6.5,6.5,1
474161,3.0,4.5,1
474327,5.0,5.0,1
474564,6.5,6.5,1
475154,3.0,3.0,1
475366,5.0,5.0,1
475687,5.0,7.5,1
476106,6.5,9.75,1
476308,5.0,7.5,1
477315,5.0,5.0,1
477650,2.6,2.6,1
478369,5.0,7.5,1
478516,5.0,5.0,1
478603,5.0,5.0,1
479202,2.0,3.0,1
479873,3.9000000000000004,3.9000000000000004,1
480190,2.0,2.0,1
480692,3.0,4.5,1
481794,7.0,7.0,2
481841,2.0,2.0,1
481882,5.0,7.5,1
482181,5.0,7.5,1
482303,3.0,3.0,1
482672,2.6,2.6,1
483263,2.0,2.0,1
483296,2.0,2.0,1
483335,5.0,5.0,1
483529,5.0,5.0,2
483551,5.0,7.5,1
484019,5.0,5.0,1
484037,5.0,7.5,1
484133,2.0,2.0,1
484165,5.0,5.0,1
484292,5.0,7.5,1
484299,2.0,2.0,1
484324,3.0,4.5,1
484660,2.0,2.0,1
484760,2.6,2.6,1
485067,5.0,5.0,1
485800,3.0,3.0,1
485813,3.0,3.0,1
485860,6.5,6.5,1
485937,2.0,3.0,1
486009,2.0,2.0,1
486033,2.0,3.0,1
488704,5.0,5.0,1
488708,6.5,6.5,1
488880,2.0,2.0,1
489569,3.0,3.0,1
490440,2.0,2.0,1
490559,6.0,9.0,2
490679,5.0,5.0,1
490924,2.0,2.0,1
491192,5.0,5.0,1
491228,6.5,6.5,1
491273,2.6,2.6,1
491274,2.6,3.9000000000000004,1
491343,5.0,5.0,1
491599,3.0,4.5,1
492088,5.0,5.0,1
492126,5.0,7.5,1
492432,5.0,7.5,1
492681,2.0,3.0,1
492695,5.0,5.0,2
492707,3.0,3.0,1
493119,5.0,5.0,1
493128,2.0,2.0,1
493267,6.5,9.75,1
493583,3.0,3.0,1
493623,3.0,3.0,1
493634,5.0,5.0,1
493945,5.0,5.0,1
494494,3.0,3.0,1
494538,2.0,2.0,1
494544,3.9000000000000004,3.9000000000000004,1
494549,6.5,6.5,1
494561,3.0,3.0,1
494604,2.0,2.0,1
494663,5.0,7.5,1
495260,3.0,4.5,1
495360,5.0,7.5,1
495913,3.0,3.0,1
496762,3.0,3.0,1
496939,5.0,5.0,1
497098,6.5,6.5,1
497192,3.0,3.0,1
497427,5.0,5.0,1
497432,3.0,3.0,1
497759,5.0,7.5,1
497936,5.0,5.0,1
498077,10.0,10.0,1
498117,5.0,5.0,1
498205,5.0,5.0,1
498458,6.5,9.75,1
498475,6.0,7.5,2
498858,5.0,5.0,1
499173,3.0,4.5,1
500983,5.0,5.0,1
501986,5.0,5.0,1
502965,5.0,5.0,1
503035,3.9000000000000004,3.9000000000000004,1
503428,3.0,3.0,1
504147,2.0,2.0,1
504364,2.6,2.6,1
504400,3.9000000000000004,3.9000000000000004,1
504404,2.6,2.6,1
504748,3.0,4.5,1
505100,5.0,5.0,1
505141,3.0,3.0,1
505267,5.0,5.0,1
505409,3.0,3.0,1
505471,5.0,5.0,1
505811,3.0,3.0,1
506315,3.0,4.5,1
506465,3.0,3.0,1
506591,7.0,7.0,2
506637,5.0,5.0,1
507036,7.0,9.5,2
507757,13.0,19.5,1
508353,2.0,2.0,1
508356,5.0,5.0,1
508608,2.0,2.0,1
509238,2.0,2.0,1
509333,5.0,5.0,1
510009,5.0,5.0,1
510074,13.0,19.5,1
510244,3.0,3.0,1
511544,5.0,7.5,1
511567,3.9000000000000004,3.9000000000000004,1
511640,2.6,2.6,1
512351,3.0,3.0,1
512927,3.0,3.0,1
513077,6.5,6.5,1
513102,3.0,3.0,1
513113,3.0,3.0,1
513206,2.0,3.0,1
513641,5.0,7.5,1
514873,6.5,6.5,1
515306,6.5,9.75,1
515733,10.0,15.0,1
515973,3.0,4.5,1
515998,3.0,3.0,1
516101,5.0,5.0,1
517366,5.0,5.0,1
518090,3.9000000000000004,5.8500000000000005,1
519042,2.0,2.0,1
519116,2.0,2.0,1
519759,3.0,3.0,1
519912,3.0,3.0,1
520347,2.0,3.0,1
520537,3.0,3.0,1
520658,2.0,2.0,1
520693,6.5,6.5,1
522036,5.0,5.0,2
523830,6.5,6.5,1
523893,6.5,9.75,1
523976,5.0,5.0,1
524145,6.5,6.5,1
524150,6.5,6.5,2
525067,5.0,5.0,1
526536,5.0,5.0,1
526709,10.0,10.0,1
527200,10.0,15.0,1
527380,3.0,3.0,1
528348,5.0,7.5,1
528460,1.0,1.5,1
528635,3.0,3.0,1
529174,5.0,7.5,1
531642,5.0,5.0,1
532676,2.0,2.0,1
533120,10.0,10.0,2
533395,5.0,5.0,1
533584,2.0,3.0,1
534612,6.5,9.75,1
536138,6.5,6.5,1
536484,2.0,3.0,1
536528,5.0,5.0,1
536530,3.9000000000000004,3.9000000000000004,1
536812,3.0,4.5,1
537321,3.0,3.0,1
537746,6.5,6.5,1
538311,5.0,5.0,1
538776,5.0,5.0,1
539443,3.0,3.0,1
539747,3.0,3.0,1
540093,5.0,5.0,1
540107,6.5,6.5,1
540330,3.0,3.0,1
540548,5.0,7.5,1
540580,5.0,5.0,1
540990,6.5,9.75,1
541300,5.0,7.5,1
541491,5.0,5.0,1
541603,3.0,3.0,1
541924,5.0,5.0,1
542863,6.5,6.5,1
542881,5.0,5.0,1
542891,3.0,4.5,1
542999,5.0,5.0,1
543189,3.9000000000000004,3.9000000000000004,1
544697,2.0,3.0,1
544827,5.0,5.0,1
545525,5.0,5.0,1
546739,5.0,5.0,1
547552,3.0,3.0,1
547731,5.0,5.0,1
548489,10.0,15.0,1
548552,5.0,5.0,1
548597,3.0,4.5,1
548713,3.0,4.5,1
549606,3.0,3.0,1
550616,3.0,3.0,1
551790,6.5,6.5,1
552174,3.9000000000000004,5.8500000000000005,1
552511,5.0,7.5,1
553552,10.0,10.0,1
555207,5.0,5.0,1
555677,5.0,5.0,1
556097,5.0,5.0,1
556348,6.5,6.5,1
559397,3.0,4.5,1
559546,3.9000000000000004,3.9000000000000004,1
560385,5.0,5.0,1
560397,3.0,3.0,1
561784,3.0,3.0,1
561882,3.9000000000000004,3.9000000000000004,1
562202,2.0,2.0,1
563272,3.0,4.5,1
563443,5.0,7.5,1
563831,3.0,3.0,1
564718,2.6,2.6,1
565700,3.9000000000000004,3.9000000000000004,1
565893,2.0,2.0,1
566577,6.5,9.75,1
566585,3.9000000000000004,3.9000000000000004,1
566792,6.5,9.75,1
569268,2.0,2.0,1
570590,3.0,3.0,1
570872,10.4,10.4,2
570991,6.5,6.5,1
571060,5.0,5.0,1
572122,5.0,5.0,1
572197,5.0,5.0,1
573286,5.0,5.0,1
574120,6.5,6.5,1
574308,5.0,5.0,1
574338,5.0,5.0,1
574513,3.0,4.5,1
574620,5.0,5.0,1
574749,3.9000000000000004,3.9000000000000004,1
574766,2.6,2.6,1
575961,5.0,5.0,1
576608,3.0,4.5,1
578129,2.0,3.0,1
579558,2.0,2.0,1
584025,2.0,2.0,1
584122,3.9000000000000004,3.9000000000000004,1
584137,3.9000000000000004,3.9000000000000004,1
585080,3.9000000000000004,3.9000000000000004,1
585445,3.0,3.0,1
585519,3.0,4.5,1
587511,3.0,3.0,1
588195,5.0,5.0,1
588568,2.6,3.9000000000000004,1
589353,6.5,6.5,1
589734,3.9000000000000004,3.9000000000000004,1
589736,13.0,13.0,3
589943,2.6,3.9000000000000004,1
589981,6.5,6.5,1
590005,11.5,11.5,2
590229,16.9,20.15,3
590249,5.0,5.0,1
590292,3.0,3.0,1
590298,5.0,5.0,1
590404,5.0,5.0,1
590444,2.0,3.0,1
590891,3.0,3.0,1
591287,5.0,5.0,1
591289,5.0,5.0,1
591361,5.0,5.0,1
591639,5.0,5.0,1
591871,5.0,5.0,1
592089,4.0,4.0,2
593087,11.0,12.5,3
593146,6.5,6.5,1
593178,3.0,3.0,1
593323,3.0,3.0,1
593573,3.0,4.5,1
593824,2.6,2.6,1
593827,2.6,2.6,1
594422,2.6,2.6,1
594667,2.0,3.0,1
596147,3.9000000000000004,3.9000000000000004,1
596162,6.5,6.5,1
596205,6.5,6.5,1
596215,6.5,6.5,1
596734,10.0,12.5,2
596931,6.5,6.5,1
597256,2.0,2.0,1
597356,5.0,7.5,1
597508,3.0,4.5,1
597512,3.0,4.5,1
597677,6.5,6.5,1
598289,2.0,3.0,1
600333,6.5,9.75,1
600937,2.0,2.0,1
601090,2.0,2.0,1
601111,3.0,3.0,1
601468,13.0,19.5,1
601808,3.0,3.0,1
602319,5.0,5.0,1
602715,3.0,3.0,1
602942,2.0,2.0,1
603143,8.0,8.0,2
603958,2.0,2.0,1
604435,5.0,7.5,1
606176,5.0,5.0,1
606603,3.0,3.0,1
606635,6.5,6.5,1
606824,2.6,3.9000000000000004,1
607105,2.0,2.0,1
607775,5.0,5.0,1
609024,6.5,9.75,1
609057,5.0,5.0,1
610961,2.0,2.0,1
611054,5.0,5.0,1
612273,5.0,5.0,1
614997,2.0,2.0,1
615309,2.0,2.0,1
615463,3.0,3.0,1
616988,2.0,2.0,1
616990,5.0,5.0,1
617583,2.0,2.0,1
618206,5.0,7.5,1
621054,10.4,15.600000000000001,2
626888,6.5,9.75,1
627631,5.9,7.8500000000000005,2
629714,3.0,4.5,1
630216,5.0,5.0,1
630790,5.0,5.0,1
630883,3.9000000000000004,5.8500000000000005,1
632165,3.9000000000000004,5.8500000000000005,1
635124,5.0,7.5,1
635279,5.0,5.0,1
635546,13.0,19.5,1
635943,3.0,3.0,1
636337,3.0,4.5,1
636652,3.0,3.0,1
636713,3.0,3.0,1
636885,2.6,2.6,1
637131,5.0,5.0,1
637524,3.0,3.0,1
637795,3.9000000000000004,5.8500000000000005,1
638344,5.0,5.0,1
638697,2.6,3.9000000000000004,1
639467,3.9000000000000004,3.9000000000000004,1
639752,5.0,5.0,1
640116,5.0,7.5,1
640797,5.0,7.5,1
640932,3.9000000000000004,3.9000000000000004,1
640973,2.6,2.6,1
641160,6.5,6.5,1
641214,5.0,5.0,1
642083,10.0,12.5,2
642267,3.9000000000000004,3.9000000000000004,1
642517,3.0,3.0,1
642984,6.5,6.5,1
643004,5.0,7.5,1
643083,5.0,7.5,1
644465,2.0,2.0,1
645313,3.9000000000000004,5.8500000000000005,1
647095,3.0,3.0,1
649763,2.0,2.0,1
649771,3.0,4.5,1
650758,6.5,6.5,1
650799,2.0,3.0,1
650804,3.0,3.0,1
651713,6.5,6.5,1
651886,5.0,5.0,1
655259,3.0,4.5,1
659059,5.0,5.0,1
659417,5.0,5.0,1
664941,3.9000000000000004,3.9000000000000004,1
665626,5.0,5.0,1
665812,6.5,6.5,1
666060,6.5,9.75,1
666408,6.5,6.5,1
666542,5.0,5.0,1
666813,9.1,12.35,2
666830,2.6,2.6,1
666931,5.0,5.0,1
666949,3.0,3.0,1
666962,6.0,6.0,2
666974,3.9000000000000004,3.9000000000000004,1
667393,2.0,2.0,1
667400,3.0,3.0,1
667591,8.0,10.5,2
667637,5.0,5.0,1
667702,3.9000000000000004,5.8500000000000005,1
667764,8.0,8.0,2
668084,2.6,2.6,1
668102,5.0,7.5,1
668172,2.0,2.0,1
668176,2.0,2.0,1
669429,2.0,2.0,1
670866,6.5,6.5,1
670941,2.6,2.6,1
675756,3.0,4.5,1
676259,5.0,5.0,1
677606,3.0,3.0,1
677608,5.0,7.5,1
678498,3.0,4.5,1
678769,3.9000000000000004,5.8500000000000005,1
678775,10.4,10.4,2
679098,2.0,3.0,1
679290,2.0,3.0,1
679940,5.0,5.0,1
679981,3.0,3.0,1
680498,3.0,3.0,1
680653,3.9000000000000004,3.9000000000000004,1
681114,5.0,7.5,1
681170,5.0,5.0,1
681226,3.0,3.0,1
681876,6.5,6.5,1
681906,2.0,3.0,1
682361,6.5,9.75,1
682554,3.0,3.0,1
683242,5.0,7.5,1
685770,10.0,10.0,1
686346,3.0,3.0,1
686423,2.0,3.0,1
686655,3.0,3.0,1
687086,3.0,4.5,1
687141,7.0,8.0,2
687212,3.0,4.5,1
687338,2.0,2.0,1
689398,5.0,7.5,1
689538,6.5,9.75,1
689633,2.6,2.6,1
690539,13.0,13.0,1
691176,10.4,10.4,2
691179,13.0,17.0,3
691208,2.0,2.0,1
691310,5.0,5.0,1
691314,3.0,4.5,1
691316,2.0,2.0,1
691323,5.0,5.0,1
691340,5.0,5.0,1
691385,3.0,4.5,1
691520,5.0,5.0,1
691540,5.0,5.0,1
691547,5.0,7.5,1
691560,5.0,5.0,1
691572,2.6,2.6,1
691599,3.0,3.0,1
691605,3.0,4.5,1
691611,2.0,2.0,1
691717,8.0,9.5,2
691720,2.0,3.0,1
691724,3.0,4.5,1
691729,7.0,8.5,3
691758,10.0,15.0,1
691840,5.0,5.0,1
691853,3.0,4.5,1
691861,5.0,5.0,1
691930,6.5,6.5,1
691973,3.0,3.0,1
692053,5.0,5.0,1
692054,3.0,3.0,1
692055,4.0,4.0,2
692249,5.0,7.5,1
692334,2.0,2.0,1
692452,5.0,7.5,1
692462,6.5,9.75,1
692463,6.5,6.5,1
692467,3.0,4.5,1
692471,2.0,2.0,1
692558,3.0,4.5,1
692624,2.6,3.9000000000000004,1
692626,6.5,9.75,1
692747,5.0,7.5,1
692755,5.0,5.0,1
692787,3.9000000000000004,3.9000000000000004,1
692794,2.0,2.0,1
692831,2.0,2.0,1
693025,3.0,4.5,1
698033,6.5,9.75,1
698626,6.5,7.800000000000001,2
698628,2.6,3.9000000000000004,1
698988,3.0,3.0,1
699005,3.9000000000000004,3.9000000000000004,1
699449,6.5,6.5,1
699490,13.0,19.5,1
699525,5.0,5.0,1
699545,3.0,4.5,1
699566,3.0,4.5,1
699582,2.0,3.0,1
699595,5.0,5.0,1
700018,3.0,3.0,1
700417,3.0,3.0,1
701477,13.0,19.5,1
701831,3.9000000000000004,5.8500000000000005,1
701867,5.0,5.0,1
701869,5.0,5.0,1
701872,3.0,3.0,1
701973,13.0,19.5,1
702020,6.5,6.5,1
702033,6.5,6.5,1
702036,3.9000000000000004,3.9000000000000004,1
702213,2.6,2.6,1
702214,6.5,6.5,1
706319,4.0,5.0,2
706429,10.4,12.350000000000001,2
706627,6.5,6.5,1
706994,3.0,4.5,1
707956,2.6,3.9000000000000004,1
708551,5.0,5.0,1
708567,3.0,4.5,1
708568,2.0,2.0,1
708646,2.6,2.6,1
708866,2.6,2.6,1
708989,2.0,2.0,1
709023,2.0,2.0,1
709040,5.0,5.0,1
709059,2.0,2.0,1
709251,3.0,4.5,1
709420,6.5,9.75,1
710035,2.0,2.0,1
710073,6.5,9.75,1
710395,2.0,2.0,1
710667,5.0,5.0,1
710681,5.0,5.0,1
710739,8.0,10.5,2
710838,9.1,13.65,2
710945,6.5,6.5,1
711924,6.5,6.5,1
712137,3.0,3.0,1
712141,2.0,3.0,1
712693,5.0,5.0,1
713014,3.0,4.5,1
713033,2.0,3.0,1
713233,2.0,2.0,1
713234,3.0,3.0,1
714830,2.0,2.0,1
714849,5.0,5.0,1
714933,5.0,5.0,1
715254,5.0,5.0,1
715332,3.0,4.5,1
715364,3.0,3.0,1
715365,2.0,3.0,1
715500,5.0,7.5,1
715545,3.9000000000000004,5.8500000000000005,1
715547,6.5,6.5,1
715551,13.0,19.5,1
715718,5.9,7.8500000000000005,2
715816,2.0,2.0,1
715855,3.0,4.5,1
715908,2.0,2.0,1
715909,3.0,3.0,1
715917,3.0,3.0,1
715934,5.0,7.5,1
716354,5.0,7.5,1
716685,6.5,6.5,1
717738,3.9000000000000004,5.8500000000000005,1
719112,2.0,2.0,1
719128,6.5,9.75,1
719268,2.0,2.0,1
719653,5.0,5.0,1
719841,6.5,9.75,1
719861,6.5,6.5,1
719868,5.0,5.0,1
719878,3.0,4.5,1
720017,3.9000000000000004,3.9000000000000004,1
721433,3.0,3.0,1
721606,6.5,6.5,1
722312,5.0,5.0,1
722380,6.5,9.75,1
722421,6.5,6.5,1
723390,2.0,2.0,1
723701,5.0,7.5,1
723738,6.5,9.75,1
723990,2.6,3.9000000000000004,1
724057,17.0,17.0,6
724080,5.0,5.0,1
724087,6.0,6.0,2
724157,3.9000000000000004,3.9000000000000004,1
724182,3.0,3.0,1
724218,6.5,6.5,1
724225,6.5,6.5,1
724231,3.9000000000000004,3.9000000000000004,1
724248,2.6,2.6,1
724399,5.0,5.0,1
724542,3.9000000000000004,3.9000000000000004,1
724552,6.5,6.5,1
724554,10.0,10.0,2
724556,3.0,3.0,1
724558,7.0,7.0,2
724806,3.0,4.5,1
725206,3.9000000000000004,5.8500000000000005,1
725224,6.5,6.5,1
727387,5.0,5.0,1
728345,3.0,3.0,1
728574,6.5,9.75,1
728713,2.0,2.0,1
728714,7.0,7.0,2
729548,8.0,10.5,2
729687,6.5,6.5,1
729914,6.5,6.5,1
729915,6.5,9.75,1
729956,3.0,3.0,1
729988,3.0,3.0,1
730009,3.9000000000000004,5.8500000000000005,1
730031,3.9000000000000004,5.8500000000000005,1
730058,5.0,5.0,1
730071,2.0,2.0,1
730081,25.0,30.0,4
730095,3.0,3.0,1
731237,13.0,13.0,1
731323,5.0,7.5,1
733473,5.0,5.0,1
734292,5.0,7.5,1
734295,5.0,5.0,1
734316,3.9000000000000004,3.9000000000000004,1
734318,2.6,2.6,1
734571,3.0,3.0,1
734624,5.0,5.0,1
734744,3.0,4.5,1
734893,5.0,5.0,1
735571,2.6,2.6,1
735594,6.5,9.75,1
736382,3.9000000000000004,5.8500000000000005,1
736411,3.0,4.5,1
736988,5.0,5.0,1
737526,5.0,5.0,1
737551,2.0,2.0,1
737822,3.0,3.0,1
737893,2.0,2.0,1
737895,2.0,3.0,1
739435,3.0,3.0,1
739577,2.6,3.9000000000000004,1
739622,5.0,5.0,1
741594,3.0,3.0,1
742437,6.5,6.5,1
744288,8.0,9.5,2
744313,6.5,9.75,1
744547,6.5,9.75,1
744759,3.0,3.0,1
746626,6.5,9.75,1
746846,5.0,5.0,1
747376,5.0,7.5,1
747411,5.0,7.5,1
748367,16.0,18.5,5
750506,8.0,12.0,2
750509,2.0,3.0,1
753413,6.5,6.5,1
753536,3.9000000000000004,3.9000000000000004,1
754065,6.5,6.5,1
755114,9.1,9.1,2
756381,6.5,9.75,1
756417,2.6,3.9000000000000004,1
756558,5.0,5.0,1
758662,10.4,12.350000000000001,2
758704,6.5,6.5,1
758936,6.5,6.5,1
759772,3.9000000000000004,5.8500000000000005,1
759776,6.5,6.5,1
759815,5.0,5.0,1
760038,3.9000000000000004,3.9000000000000004,1
760102,6.5,9.75,1
760143,6.5,6.5,1
760244,3.0,3.0,1
760895,6.5,6.5,1
760924,5.0,7.5,2
761634,6.5,9.75,1
761669,6.5,6.5,1
763467,3.9000000000000004,3.9000000000000004,1
763470,3.9000000000000004,5.8500000000000005,1
763488,2.6,2.6,1
763509,6.5,6.5,1
763510,3.9000000000000004,3.9000000000000004,1
763528,3.0,4.5,1
763632,5.0,5.0,1
765107,8.0,10.5,2
766038,2.0,2.0,1
766106,3.9000000000000004,3.9000000000000004,1
766181,10.0,12.5,2
766184,5.0,7.5,1
766338,2.0,3.0,1
767297,3.0,3.0,1
768013,6.5,6.5,1
768031,6.5,9.75,1
768808,6.5,9.75,1
769857,5.0,5.0,1
769911,3.0,4.5,1
770564,6.5,9.75,1
771010,2.0,2.0,1
771036,5.0,5.0,1
771525,13.0,13.0,2
772321,2.6,2.6,1
773096,3.9000000000000004,3.9000000000000004,1
773626,5.0,7.5,1
774862,6.5,9.75,1
774903,3.0,3.0,1
775488,2.6,2.6,1
775941,3.0,3.0,1
776428,2.0,2.0,1
777231,3.0,3.0,1
777270,3.0,3.0,1
778178,5.0,5.0,1
779353,3.0,3.0,1
780259,3.0,3.0,1
781603,5.0,5.0,1
782387,2.0,2.0,1
782570,13.0,19.5,1
784455,13.0,19.5,1
784652,5.0,5.0,1
785981,15.6,15.6,2
785983,3.9000000000000004,3.9000000000000004,1
785991,6.5,6.5,1
786104,10.0,12.5,2
787927,3.0,4.5,1
788110,13.0,19.5,1
788209,3.0,3.0,1
789175,3.0,4.5,1
790945,3.0,4.5,1
791588,5.0,5.0,1
793720,5.0,7.5,1
796853,2.6,3.9000000000000004,1
797604,2.6,2.6,1
797737,13.0,19.5,1
798384,6.5,6.5,1
798852,2.6,2.6,1
798991,6.5,6.5,1
799142,3.9000000000000004,3.9000000000000004,1
799163,2.6,2.6,1
799749,5.0,7.5,1
799815,6.5,9.75,1
799823,6.5,9.75,1
800022,5.0,7.5,1
800112,15.6,15.6,2
800387,5.0,5.0,1
800494,5.0,5.0,1
800592,3.0,3.0,1
800593,2.0,3.0,1
800617,3.9000000000000004,3.9000000000000004,1
802307,6.5,6.5,1
803113,5.0,5.0,1
805463,5.0,5.0,1
805733,2.0,2.0,1
807611,6.5,6.5,1
807712,3.0,3.0,1
807868,3.0,3.0,1
808110,5.0,5.0,1
809778,3.0,3.0,1
809786,10.4,12.350000000000001,2
809859,6.5,6.5,1
809861,5.0,7.5,1
809865,3.0,3.0,1
809977,2.0,2.0,1
810099,5.0,5.0,1
810108,6.5,6.5,1
810190,5.0,5.0,1
810255,6.5,6.5,1
810304,2.0,2.0,1
810614,13.0,13.0,1
810652,3.9000000000000004,5.8500000000000005,1
810777,3.0,3.0,1
810827,3.0,3.0,1
811016,3.9000000000000004,5.8500000000000005,1
811017,3.9000000000000004,3.9000000000000004,1
811028,16.0,17.5,3
811051,2.0,2.0,1
811143,2.0,2.0,1
811162,2.0,2.0,1
811200,3.0,3.0,1
811382,6.5,6.5,1
811400,3.0,3.0,1
812018,10.0,10.0,1
812132,14.3,18.200000000000003,3
812838,6.5,6.5,1
812840,2.6,2.6,1
812880,13.0,16.25,2
813100,13.0,19.5,1
813110,3.9000000000000004,5.8500000000000005,1
813146,3.9000000000000004,3.9000000000000004,1
813155,3.9000000000000004,3.9000000000000004,1
815061,6.5,9.75,1
815587,6.5,6.5,1
816590,3.0,3.0,1
816664,5.0,5.0,1
818535,3.0,3.0,1
818626,5.0,7.5,1
819865,5.0,7.5,1
820108,3.0,3.0,1
820152,2.6,2.6,1
820818,2.0,2.0,1
823853,10.0,12.5,2
824696,13.0,13.0,2
824698,6.5,6.5,1
824702,3.9000000000000004,3.9000000000000004,1
828002,6.5,9.75,1
829761,6.5,6.5,1
829762,2.6,2.6,1
832522,7.800000000000001,7.800000000000001,2
832736,3.9000000000000004,3.9000000000000004,1
834654,3.0,3.0,1
835230,5.0,7.5,1
835400,2.0,3.0,1
836745,6.5,9.75,1
838448,2.0,2.0,1
839698,5.0,5.0,1
839725,2.0,2.0,1
839746,3.0,4.5,1
839761,3.0,3.0,1
839838,5.0,5.0,1
839872,5.0,7.5,1
841236,5.0,5.0,1
841253,2.0,2.0,1
841579,5.0,5.0,1
842664,3.0,3.0,1
842666,3.0,3.0,1
843013,10.0,10.0,1
843854,3.0,4.5,1
843860,3.0,4.5,1
843869,2.0,2.0,1
843887,3.0,3.0,1
845184,5.0,5.0,1
847812,2.0,2.0,1
847813,3.0,4.5,1
849414,3.0,4.5,1
850120,2.6,3.9000000000000004,1
850198,3.0,3.0,1
850977,6.5,6.5,1
850980,5.0,7.5,1
851102,3.9000000000000004,3.9000000000000004,1
852964,5.0,5.0,1
854670,7.0,8.0,2
854863,2.6,2.6,1
854871,5.0,5.0,1
855136,6.5,6.5,1
855318,5.0,5.0,1
855393,3.0,4.5,1
855976,6.5,6.5,1
856909,2.0,2.0,1
856920,5.0,5.0,1
857279,3.0,3.0,1
864069,5.0,5.0,1
865133,3.9000000000000004,5.8500000000000005,1
869389,6.5,6.5,1
870555,2.0,2.0,1
870814,6.5,6.5,1
871185,5.0,7.5,1
873290,6.5,6.5,1
873383,3.0,4.5,1
875696,2.0,2.0,1
876240,2.6,2.6,1
877162,3.0,3.0,1
877400,6.5,9.75,1
878956,3.0,3.0,1
880910,2.0,2.0,1
882435,5.0,7.5,1
882615,2.6,2.6,1
884907,2.6,2.6,1
885403,2.6,3.9000000000000004,1
886345,6.5,6.5,1
886977,5.0,5.0,1
887356,3.0,4.5,1
888424,5.0,5.0,1
888738,2.0,2.0,1
889609,3.0,4.5,1
893779,6.5,6.5,1
896933,5.0,5.0,1
898067,5.0,7.5,1
900526,6.5,6.5,1
901486,5.0,5.0,1
902049,3.0,4.5,1
902769,2.0,3.0,1
907275,10.0,10.0,1
910027,5.0,5.0,1
910330,5.0,7.5,1
910335,5.0,5.0,1
914452,3.0,3.0,1
915562,2.6,3.9000000000000004,1
916795,5.0,7.5,1
916839,3.0,3.0,1
916869,10.0,10.0,3
917448,5.0,7.5,2
919505,3.0,4.5,1
920342,3.0,3.0,1
920358,5.0,5.0,1
921620,3.0,3.0,1
925096,6.5,6.5,1
925374,2.6,2.6,1
927053,3.9000000000000004,3.9000000000000004,1
927055,6.5,9.75,1
927067,3.9000000000000004,3.9000000000000004,1
927418,9.100000000000001,9.100000000000001,3
930502,3.0,3.0,1
930850,2.0,2.0,1
930885,13.0,13.0,2
930987,6.5,6.5,1
931110,2.0,2.0,1
931758,9.1,9.1,2
932130,2.6,3.9000000000000004,1
932344,2.0,2.0,1
933760,2.6,2.6,1
934007,2.0,2.0,1
934008,5.0,5.0,1
934039,6.0,6.0,2
934152,5.0,5.0,1
934155,3.0,4.5,1
934613,6.0,7.5,2
936338,3.0,3.0,1
936620,3.0,3.0,1
939005,5.0,5.0,1
939017,3.0,3.0,1
940178,3.0,3.0,1
942346,5.0,7.5,1
942358,5.0,7.5,1
942359,2.0,2.0,1
942650,13.0,13.0,1
944292,3.0,3.0,1
946557,13.0,19.5,2
950497,3.0,3.0,1
950823,5.0,5.0,1
953023,3.0,3.0,1
953024,2.0,2.0,1
954562,3.0,3.0,1
954940,2.6,2.6,1
955184,2.0,2.0,1
958658,10.0,10.0,3
961187,6.5,6.5,1
963036,6.5,6.5,1
963499,3.0,3.0,1
964530,5.0,7.5,1
966865,2.0,2.0,1
976219,3.0,3.0,1
976867,2.0,3.0,1
976868,2.0,2.0,1
978179,6.5,9.75,1
984033,2.0,2.0,1
985676,3.0,3.0,1
985841,6.5,9.75,1
986173,7.0,7.0,2
986224,6.5,6.5,1
986931,2.0,2.0,1
986995,5.0,5.0,1
987615,3.0,4.5,1
987656,5.0,7.5,1
987687,6.5,9.75,1
987729,3.9000000000000004,3.9000000000000004,1
987769,6.5,9.75,1
987976,3.0,3.0,1
988501,3.0,4.5,1
988523,3.0,3.0,1
988536,3.9000000000000004,3.9000000000000004,1
988694,5.0,7.5,1
988703,3.9000000000000004,5.8500000000000005,1
988720,19.5,19.5,2
988800,2.6,2.6,1
988801,6.5,6.5,1
988867,3.0,3.0,1
988876,6.5,6.5,1
989096,6.5,9.75,1
989192,13.0,19.5,1
990028,6.5,6.5,1
990128,13.0,16.25,2
990416,3.9000000000000004,5.8500000000000005,1
990474,13.0,13.0,1
990536,6.5,9.75,1
990658,5.0,5.0,1
990806,6.5,6.5,1
991348,6.5,9.75,1
991377,5.0,5.0,1
991492,3.9000000000000004,3.9000000000000004,1
991619,3.9000000000000004,3.9000000000000004,1
991647,3.9000000000000004,5.8500000000000005,1
991679,6.5,6.5,1
991776,2.6,3.9000000000000004,1
991914,3.9000000000000004,3.9000000000000004,1
991971,6.5,6.5,1
992159,6.5,6.5,1
992173,2.6,2.6,1
992191,2.6,2.6,1
992658,6.5,6.5,1
992716,6.5,6.5,2
992764,6.5,6.5,1
993203,6.5,6.5,1
993441,6.5,9.75,1
993581,3.9000000000000004,5.8500000000000005,1
993800,2.0,2.0,1
993806,2.6,2.6,1
993895,6.5,6.5,1
994202,3.9000000000000004,3.9000000000000004,1
994256,5.0,5.0,1
994302,3.9000000000000004,5.8500000000000005,1
994367,3.9000000000000004,3.9000000000000004,1
994404,6.5,6.5,1
994423,6.5,6.5,1
994468,3.9000000000000004,5.8500000000000005,1
994499,2.6,2.6,1
994590,6.5,9.75,1
994637,3.9000000000000004,5.8500000000000005,1
994675,6.5,6.5,1
995344,3.0,4.5,1
995688,2.6,2.6,1
996187,3.9000000000000004,3.9000000000000004,1
996188,2.6,3.9000000000000004,1
996224,13.0,13.0,1
996244,3.9000000000000004,3.9000000000000004,1
996252,2.6,2.6,1
996416,6.5,6.5,1
996459,6.5,9.75,1
996532,3.9000000000000004,3.9000000000000004,1
996634,3.9000000000000004,5.8500000000000005,1
996636,10.4,10.4,2
996854,3.9000000000000004,3.9000000000000004,1
996857,6.5,6.5,1
997087,5.0,7.5,1
997127,2.6,2.6,1
997315,2.6,2.6,1
997402,7.0,9.5,2
997573,3.9000000000000004,5.8500000000000005,1
998093,5.0,7.5,1
998266,3.9000000000000004,5.8500000000000005,1
998271,2.6,2.6,1
998276,6.5,6.5,1
998409,3.0,3.0,1
998452,6.5,6.5,1
998507,6.5,9.75,1
998536,10.4,13.65,2
998543,6.5,9.75,1
998544,6.5,9.75,1
998564,2.0,2.0,1
998640,6.5,6.5,1
998805,6.5,6.5,1
998973,13.0,19.5,2
998979,13.0,19.5,1
998997,6.5,6.5,1
999011,2.6,3.9000000000000004,1
999016,6.5,9.75,1
999110,3.9000000000000004,3.9000000000000004,1
999137,6.5,9.75,1
999158,2.6,2.6,1
999502,6.5,9.75,1
1000138,6.5,6.5,1
1000161,6.5,9.75,1
1000165,6.5,6.5,1
1000167,2.6,2.6,1
1000193,6.5,6.5,1
1000200,3.9000000000000004,3.9000000000000004,1
1000216,6.5,9.75,1
1000348,3.9000000000000004,3.9000000000000004,1
1000462,10.4,15.600000000000001,2
1000640,2.6,2.6,1
1000678,3.9000000000000004,3.9000000000000004,1
1000798,3.9000000000000004,3.9000000000000004,1
1000817,6.5,6.5,1
1000958,2.6,2.6,1
1000962,6.5,9.75,1
1000970,9.1,10.4,2
1000981,3.9000000000000004,3.9000000000000004,1
1001020,6.5,6.5,1
1001129,6.5,9.75,1
1001163,6.5,9.75,1
1001167,6.5,6.5,1
1001200,2.6,3.9000000000000004,1
1001209,2.6,2.6,1
1001228,20.8,20.8,4
1001246,6.5,6.5,1
1001271,2.6,3.9000000000000004,1
1001318,6.5,9.75,1
1001349,3.9000000000000004,5.8500000000000005,1
1001456,13.0,13.0,1
1001519,6.5,9.75,1
1001562,2.6,3.9000000000000004,1
1001597,2.0,3.0,1
1001804,6.5,6.5,1
1001811,3.9000000000000004,5.8500000000000005,1
1001918,6.5,6.5,1
1002243,3.9000000000000004,5.8500000000000005,1
1002271,6.5,6.5,1
1002320,2.6,2.6,1
1002331,6.5,6.5,1
1002335,3.9000000000000004,3.9000000000000004,1
1002409,2.6,2.6,1
1002514,2.0,3.0,1
1002632,13.0,19.5,1
1002750,3.9000000000000004,5.8500000000000005,1
1002835,2.6,2.6,1
1002948,3.9000000000000004,5.8500000000000005,1
1003035,6.5,6.5,1
1003041,3.9000000000000004,3.9000000000000004,1
1003108,3.9000000000000004,3.9000000000000004,1
1003150,6.5,6.5,1
1003158,3.9000000000000004,5.8500000000000005,1
1003182,3.9000000000000004,3.9000000000000004,1
1003410,6.5,6.5,1
1003541,2.6,3.9000000000000004,1
1003544,3.9000000000000004,5.8500000000000005,1
1003626,6.5,6.5,1
1004910,3.9000000000000004,3.9000000000000004,1
1004927,13.0,13.0,1
1005012,2.6,3.9000000000000004,1
1005026,6.5,6.5,1
1005826,6.5,6.5,1
1006140,6.5,9.75,1
1006149,2.6,2.6,1
1006161,6.5,9.75,1
1006415,2.6,2.6,1
1007046,13.0,13.0,1
1007267,2.0,2.0,1
1007333,2.6,2.6,1
1007358,6.5,9.75,1
1007359,6.5,9.75,1
1007392,3.9000000000000004,3.9000000000000004,1
1007435,2.0,2.0,1
1007627,3.9000000000000004,5.8500000000000005,1
1007780,5.0,5.0,1
1007855,3.9000000000000004,5.8500000000000005,1
1007889,10.4,10.4,2
1007931,6.5,6.5,1
1007963,13.0,19.5,1
1008014,6.5,6.5,1
1008051,6.5,6.5,1
1008101,2.6,2.6,1
1008123,3.9000000000000004,5.8500000000000005,1
1008282,2.6,3.9000000000000004,1
1008296,6.5,6.5,1
1008326,3.9000000000000004,3.9000000000000004,1
1008343,2.0,3.0,1
1010337,5.0,5.0,1
1010570,3.0,3.0,1
1010783,5.0,5.0,1
1011671,13.0,14.5,4
1014104,2.0,2.0,1
1014794,3.0,3.0,1
1014795,5.0,7.5,1
1015250,2.0,2.0,1
1016099,5.0,5.0,1
1017668,2.0,2.0,1
1018820,6.5,9.75,1
1018838,3.0,3.0,1
1019208,3.0,3.0,1
1021077,5.0,5.0,1
1021186,2.6,2.6,1
1021214,5.0,5.0,1
1021216,10.0,12.5,2
1021230,3.0,3.0,1
1021494,6.0,6.0,2
1021504,2.0,2.0,1
1021518,3.0,4.5,1
1021589,3.9000000000000004,5.8500000000000005,1
1021593,3.0,4.5,1
1024782,3.0,3.0,1
1025016,3.0,3.0,1
1027818,3.0,3.0,1
1028959,3.9000000000000004,5.8500000000000005,1
1029306,2.0,2.0,1
1029325,16.0,18.0,7
1031099,5.0,5.0,1
1031164,2.0,3.0,1
1031614,8.0,9.5,2
1032322,3.0,3.0,1
1032335,3.0,3.0,1
1032419,8.0,10.5,2
1032925,6.5,9.75,1
1035113,6.5,6.5,1
1035133,6.5,6.5,1
1036696,6.5,6.5,1
1037067,3.0,3.0,1
1037387,5.0,5.0,1
1038325,5.0,5.0,1
1038422,6.5,9.75,1
1040559,10.0,10.0,1
1041801,10.0,10.0,1
1041834,5.0,5.0,1
1045918,3.0,3.0,1
1045919,3.0,3.0,1
1046619,2.0,2.0,1
1047518,2.0,3.0,1
1048177,5.0,5.0,1
1048187,5.0,5.0,1
1048225,3.0,4.5,1
1048408,3.0,4.5,1
1048489,2.6,2.6,1
1048886,6.5,6.5,1
1049427,2.0,2.0,1
1050524,6.5,6.5,1
1050931,5.0,7.5,1
1053291,22.0,24.5,4
1054439,5.0,5.0,1
1054523,6.5,6.5,1
1054641,13.0,14.5,4
1054699,5.0,5.0,1
1055049,2.0,2.0,1
1058517,5.0,6.5,2
1060403,3.9000000000000004,3.9000000000000004,1
1060498,5.0,7.5,1
1061377,6.5,9.75,1
1066509,5.0,7.5,1
1067843,5.0,5.0,1
1068359,2.0,2.0,1
1068941,3.9000000000000004,5.8500000000000005,1
1068985,10.4,10.4,2
1069632,10.0,10.0,1
1070632,3.9000000000000004,3.9000000000000004,1
1070678,5.0,5.0,1
1070910,5.0,5.0,1
1071142,10.0,10.0,1
1071591,5.0,5.0,1
1072188,3.9000000000000004,3.9000000000000004,1
1072218,5.0,7.5,1
1077444,5.0,7.5,1
1077470,6.0,6.0,2
1078989,5.0,7.5,1
1079347,6.5,9.75,1
1079728,10.0,15.0,1
1080250,2.6,3.9000000000000004,1
1080307,6.5,9.75,1
1080326,2.0,2.0,1
1085369,2.6,3.9000000000000004,1
1085508,2.6,3.9000000000000004,1
1086102,6.5,6.5,1
1086486,5.0,5.0,1
1087220,3.0,3.0,1
1087926,2.0,2.0,1
1090012,2.6,2.6,1
1092422,5.0,5.0,1
1092609,5.0,5.0,1
1094228,2.6,2.6,1
1094449,2.6,2.6,1
1096818,2.0,2.0,1
1096933,2.0,2.0,1
1097417,2.6,2.6,1
1098505,6.5,9.75,1
1098551,6.5,9.75,1
1100938,6.5,6.5,1
1101153,2.6,2.6,1
1103599,3.9000000000000004,3.9000000000000004,1
1106882,3.0,3.0,1
1109380,3.0,3.0,1
1111545,2.0,3.0,1
1112964,2.0,2.0,1
1113611,5.0,5.0,1
1115538,2.0,2.0,1
1117003,6.5,9.75,1
1117198,5.0,5.0,1
1117258,5.0,5.0,1
1117749,3.9000000000000004,3.9000000000000004,1
1118730,13.0,19.5,1
1120816,6.5,6.5,1
1123047,3.0,3.0,1
1123061,6.0,9.0,2
1125001,6.5,6.5,1
1125383,6.0,6.0,2
1125850,5.0,5.0,1
1129347,3.9000000000000004,3.9000000000000004,1
1130090,6.5,9.75,1
1131823,5.0,5.0,1
1132174,3.0,3.0,1
1133166,5.0,5.0,1
1133188,5.0,5.0,1
1134900,2.0,3.0,1
1135135,3.0,4.5,1
1136637,6.5,6.5,1
1137123,5.0,5.0,1
1137442,3.0,4.5,1
1137519,3.9000000000000004,5.8500000000000005,1
1137593,2.0,2.0,1
1137644,2.0,3.0,1
1137796,5.0,5.0,1
1138101,20.0,30.0,4
1138152,3.9000000000000004,3.9000000000000004,1
1138164,13.0,13.0,1
1141506,5.0,7.5,1
1145573,2.0,2.0,1
1145841,10.0,10.0,1
1149720,3.9000000000000004,5.8500000000000005,1
1150751,5.0,5.0,1
1150943,5.0,7.5,1
1156885,6.5,6.5,1
1157054,6.5,6.5,1
1158060,2.6,3.9000000000000004,1
1158124,6.5,9.75,1
1158171,3.9000000000000004,5.8500000000000005,1
1158986,2.0,3.0,1
1160155,2.0,2.0,1
1161351,5.0,5.0,1
1162610,6.5,6.5,1
1162951,13.0,13.0,1
1163208,6.5,9.75,1
1163234,3.9000000000000004,5.8500000000000005,1
1163270,6.5,9.75,1
1163306,6.5,6.5,1
1163353,6.5,9.75,1
1163377,3.0,3.0,1
1163496,2.6,3.9000000000000004,1
1163549,2.0,2.0,1
1163560,3.9000000000000004,5.8500000000000005,1
1163569,3.9000000000000004,5.8500000000000005,1
1163616,5.0,5.0,1
1163634,2.0,2.0,1
1163652,3.0,4.5,1
1163656,5.0,5.0,1
1163786,2.6,2.6,1
1164059,3.9000000000000004,5.8500000000000005,1
1164181,6.5,6.5,1
1164431,6.5,9.75,1
1164452,2.6,2.6,1
1164473,2.0,3.0,1
1165627,2.6,2.6,1
1165655,3.9000000000000004,3.9000000000000004,1
1165703,2.0,2.0,1
1166100,3.9000000000000004,3.9000000000000004,1
1166102,3.9000000000000004,5.8500000000000005,1
1166266,6.5,6.5,1
1166373,6.5,6.5,1
1168227,3.0,3.0,1
1168805,6.5,9.75,1
1168945,8.0,9.5,2
1169264,5.0,5.0,1
1169266,6.5,6.5,1
1169369,3.0,4.5,1
1171281,5.0,5.0,1
1171302,3.9000000000000004,5.8500000000000005,1
1171392,3.0,4.5,1
1171447,15.0,15.0,2
1171849,6.5,9.75,1
1172257,2.6,3.9000000000000004,1
1174298,3.0,4.5,1
1175965,5.0,5.0,1
1176877,6.5,6.5,1
1177132,5.0,5.0,1
1178160,3.0,3.0,1
1179389,3.9000000000000004,3.9000000000000004,1
1179413,6.5,6.5,1
1179612,6.5,9.75,1
1179812,3.9000000000000004,3.9000000000000004,1
1179814,7.800000000000001,9.75,2
1179824,6.5,6.5,1
1179827,3.9000000000000004,5.8500000000000005,1
1179913,3.0,3.0,1
1179916,5.0,5.0,1
1180591,5.0,7.5,1
1181111,5.0,5.0,1
1181508,3.0,4.5,1
1182387,10.0,15.0,1
1182558,5.0,7.5,1
1182560,3.0,3.0,1
1182946,13.0,13.0,2
1183942,2.6,2.6,1
1183962,6.5,9.75,1
1184028,3.9000000000000004,5.8500000000000005,1
1184526,5.0,5.0,1
1184546,5.0,5.0,1
1185179,3.9000000000000004,3.9000000000000004,1
1185187,3.0,4.5,1
1185348,6.0,9.0,2
1185541,13.0,19.5,1
1185542,2.0,2.0,1
1185543,2.0,3.0,1
1185566,6.5,6.5,1
1186141,3.9000000000000004,5.8500000000000005,1
1186460,5.0,5.0,1
1186494,4.0,5.0,2
1186503,5.0,5.0,1
1186507,2.6,3.9000000000000004,1
1187415,5.0,7.5,1
1187848,3.0,3.0,1
1187856,3.0,4.5,1
1187861,3.9000000000000004,5.8500000000000005,1
1187862,6.5,9.75,1
1187894,3.9000000000000004,3.9000000000000004,1
1188578,2.6,2.6,1
1190615,6.5,9.75,1
1190723,5.0,7.5,1
1192286,3.0,3.0,1
1193574,6.5,6.5,1
1193682,3.0,3.0,1
1197802,2.0,2.0,1
1197847,3.9000000000000004,3.9000000000000004,1
1199068,5.0,5.0,1
1200504,3.0,4.5,1
1200513,2.0,2.0,1
1201090,2.6,3.9000000000000004,1
1201457,2.6,2.6,1
1201520,3.9000000000000004,5.8500000000000005,1
1201885,3.9000000000000004,5.8500000000000005,1
1201928,3.0,3.0,1
1201930,2.0,2.0,1
1201942,6.5,6.5,1
1201943,2.0,2.0,1
1201947,5.0,5.0,1
1201950,5.0,5.0,1
1202635,5.0,5.0,1
1204927,8.0,8.0,2
1204936,5.0,5.0,1
1204960,6.5,6.5,1
1204962,9.1,9.1,2
1205252,13.0,13.0,1
1205422,6.5,6.5,1
1205835,18.2,22.75,5
1205903,2.6,2.6,1
1206348,3.9000000000000004,5.8500000000000005,1
1206356,2.6,3.9000000000000004,1
1206382,2.0,3.0,1
1206494,3.0,3.0,1
1206569,6.5,6.5,1
1206687,6.5,6.5,1
1207036,2.0,2.0,1
1207186,6.5,9.75,1
1207487,5.0,5.0,1
1207598,6.5,6.5,1
1208137,10.0,12.5,2
1209346,6.5,9.75,1
1209485,3.9000000000000004,3.9000000000000004,1
1209552,2.0,2.0,1
1209568,5.0,5.0,1
1209730,5.0,5.0,1
1210836,6.5,9.75,1
1210843,3.9000000000000004,3.9000000000000004,1
1210936,13.0,13.0,1
1211208,5.0,5.0,1
1212041,5.0,5.0,1
1212571,19.5,22.75,3
1212641,6.5,9.75,1
1212723,2.0,2.0,1
1212754,2.6,2.6,1
1212805,6.5,6.5,1
1213831,3.9000000000000004,3.9000000000000004,1
1213839,3.9000000000000004,3.9000000000000004,1
1214339,3.0,4.5,1
1216794,5.0,7.5,1
1217339,5.0,5.0,1
1217410,5.0,7.5,1
1217485,6.5,6.5,1
1217767,2.6,2.6,1
1218043,3.0,3.0,1
1218281,6.5,6.5,1
1218442,3.9000000000000004,3.9000000000000004,1
1218760,6.5,9.75,1
1219120,2.0,2.0,1
1222038,6.5,6.5,1
1222604,5.0,5.0,1
1226450,1.0,1.0,1
1228114,5.0,5.0,1
1229356,5.0,5.0,1
1230679,2.0,2.0,1
1231976,2.0,2.0,1
1232043,10.0,15.0,1
1232058,6.5,9.75,1
1234410,3.0,3.0,1
1234882,6.5,6.5,1
1234898,6.5,9.75,1
1235394,3.0,3.0,1
1235534,3.0,3.0,1
1235829,5.0,5.0,1
1238077,5.0,7.5,1
1242566,5.0,5.0,1
1242582,13.0,16.25,2
1242882,2.0,3.0,1
1243540,6.5,6.5,1
1244015,5.0,5.0,2
1244940,5.0,5.0,1
1245599,6.5,6.5,1
1246415,13.0,13.0,1
1246428,7.800000000000001,9.75,2
1246432,6.5,9.75,1
1246460,2.6,2.6,1
1247083,10.0,10.0,1
1247084,5.0,7.5,1
1248599,2.0,3.0,1
1248830,3.0,3.0,1
1249657,3.9000000000000004,3.9000000000000004,1
1249667,5.0,5.0,1
1249668,5.0,5.0,1
1254078,5.0,5.0,1
1256732,3.0,3.0,1
1256733,3.0,3.0,1
1256734,2.0,2.0,1
1256771,5.0,5.0,1
1257414,5.0,5.0,1
1257784,2.0,2.0,1
1257829,3.9000000000000004,5.8500000000000005,1
1257837,6.5,6.5,1
1258969,5.0,5.0,1
1262428,3.9000000000000004,3.9000000000000004,1
1264078,3.9000000000000004,5.8500000000000005,1
1265267,2.0,2.0,1
1268919,2.0,3.0,1
1271930,2.6,2.6,1
1272543,3.0,3.0,1
1278935,3.9000000000000004,3.9000000000000004,1
1278941,10.0,10.0,1
1279156,3.9000000000000004,5.8500000000000005,1
1279245,5.0,5.0,1
1282053,6.5,6.5,1
1283552,5.0,5.0,1
1284074,6.5,6.5,1
1288787,2.6,2.6,1
1289407,2.0,2.0,1
1290712,5.0,7.5,1
1290714,5.0,5.0,1
1291272,2.0,3.0,1
1292778,2.0,2.0,1
1293619,2.0,2.0,1
1293959,5.0,5.0,1
1294163,2.0,2.0,1
1294316,3.0,4.5,1
1294688,3.9000000000000004,5.8500000000000005,1
1294734,3.0,4.5,1
1294815,3.9000000000000004,5.8500000000000005,1
1294948,5.0,5.0,1
1294960,5.0,5.0,1
1295008,3.0,3.0,1
1295268,2.0,2.0,1
1295317,2.6,2.6,1
1295342,6.5,6.5,1
1295606,7.0,7.0,2
1296163,6.5,6.5,1
1296329,8.0,9.5,2
1297284,5.0,5.0,1
1297677,3.0,4.5,1
1299265,5.0,7.5,1
1301080,5.0,7.5,1
1301930,13.0,19.5,2
1302234,2.0,2.0,1
1302238,2.0,2.0,1
1302281,5.0,5.0,1
1302283,2.0,3.0,1
1302290,5.0,5.0,1
1302489,13.0,13.0,1
1303760,5.0,5.0,2
1303941,2.0,2.0,1
1305157,5.0,5.0,1
1305282,3.0,3.0,1
1305301,2.0,3.0,1
1305371,2.6,2.6,1
1306406,8.0,9.5,2
1308688,6.5,9.75,1
1310992,3.0,3.0,1
1310996,3.0,3.0,1
1315150,3.0,3.0,1
1315162,6.5,9.75,1
1315521,5.0,5.0,1
1316900,3.0,3.0,1
1316926,2.6,2.6,1
1317105,3.0,4.5,1
1317785,2.0,2.0,1
1322590,5.0,7.5,1
1326080,3.0,4.5,1
1328791,5.0,5.0,1
1335083,2.0,2.0,1
1337744,5.0,5.0,1
1340746,10.0,10.0,1
1341594,5.0,5.0,1
1342716,3.9000000000000004,3.9000000000000004,1
1344156,3.0,3.0,1
1344408,5.0,5.0,1
1352456,3.0,3.0,1
1353123,3.0,4.5,1
1355072,6.5,9.75,1
1355477,3.0,3.0,1
1362685,5.0,7.5,1
1365449,5.0,5.0,1
1368226,5.0,5.0,1
1368726,3.0,4.5,1
1368729,2.0,2.0,1
1370093,2.0,2.0,1
1372692,3.0,3.0,1
1373056,5.0,5.0,1
1377881,10.0,10.0,1
1378542,3.0,3.0,1
1379148,5.0,5.0,1
1380074,5.0,7.5,1
1380526,5.0,5.0,1
1382264,3.0,3.0,1
1382819,3.9000000000000004,3.9000000000000004,1
1385920,5.0,7.5,1
1385963,3.0,3.0,1
1386055,2.0,2.0,1
1386727,2.0,2.0,1
1386822,5.0,5.0,1
1387793,3.0,3.0,1
1387892,10.4,10.4,2
1388317,3.0,4.5,1
1388831,5.0,5.0,1
1392284,3.0,3.0,1
1394656,10.0,15.0,1
1394800,6.5,9.75,1
1398175,5.0,5.0,1
1398183,6.5,9.75,1
1403991,10.0,12.5,2
1413232,5.0,5.0,1
1417462,6.5,9.75,1
1422654,5.0,5.0,1
1429909,5.0,5.0,1
1429950,3.0,4.5,1
1429965,5.0,5.0,1
1430035,2.0,2.0,1
1430637,19.0,23.0,5
1431118,5.0,5.0,1
1432766,6.5,6.5,1
1434078,5.0,7.5,1
1435294,8.0,8.0,2
1436376,5.0,5.0,1
1437254,5.0,5.0,2
1437256,5.0,5.0,1
1438019,10.0,10.0,2
1438198,6.0,7.5,2
1438199,8.0,10.5,2
1438233,3.0,4.5,1
1438314,5.0,7.5,1
1438510,3.9000000000000004,5.8500000000000005,1
1439985,2.0,2.0,1
1439991,5.0,5.0,1
1440126,5.0,7.5,1
1443210,5.0,7.5,1
1444229,3.0,3.0,1
1449179,5.0,5.0,1
1450047,2.0,2.0,1
1450357,2.0,2.0,1
1450541,3.0,3.0,1
1451609,5.0,5.0,1
1451617,3.0,3.0,1
1454337,8.0,8.0,2
1454347,3.0,4.5,1
1454348,3.0,4.5,1
1455311,3.9000000000000004,5.8500000000000005,1
1455410,3.0,3.0,1
1455428,5.0,5.0,1
1455480,2.0,3.0,1
1455650,5.0,5.0,2
1457343,3.0,4.5,1
1458046,5.0,7.5,1
1459990,5.0,7.5,1
1461480,7.0,7.0,2
1465820,2.0,2.0,1
1469520,3.0,3.0,1
1470702,3.0,3.0,1
1471013,3.0,4.5,1
1471563,2.0,3.0,1
1471587,3.0,4.5,1
1473050,2.0,2.0,1
1473597,3.0,3.0,1
1475089,5.0,5.0,1
1475119,2.0,3.0,1
1475176,5.0,5.0,1
1475417,15.0,22.5,2
1475909,2.0,3.0,1
1476132,5.0,5.0,1
1476713,5.0,5.0,1
1477445,6.5,9.75,1
1477891,3.0,4.5,1
1480303,3.0,3.0,1
1481143,6.5,9.75,1
1481154,2.0,2.0,1
1481280,6.5,6.5,1
1481798,5.0,5.0,1
1481885,3.0,3.0,1
1481975,3.9000000000000004,3.9000000000000004,1
1482571,6.5,6.5,1
1483230,3.9000000000000004,3.9000000000000004,1
1483933,6.5,6.5,1
1484166,5.0,7.5,1
1484278,2.0,2.0,1
1484281,6.5,6.5,1
1484601,2.0,2.0,1
1484678,10.4,12.350000000000001,2
1484680,5.0,5.0,1
1484681,5.0,5.0,1
1484682,3.0,3.0,1
1484683,3.0,4.5,1
1485163,7.800000000000001,7.800000000000001,2
1485260,5.0,5.0,1
1485264,5.0,5.0,1
1487539,5.0,7.5,1
1488132,3.0,3.0,1
1488155,5.0,5.0,1
1488591,2.0,2.0,1
1489220,5.0,5.0,1
1489537,5.0,5.0,1
1489899,3.0,3.0,1
1490423,2.6,2.6,1
1491068,5.0,5.0,1
1491076,3.0,3.0,1
1491082,5.0,7.5,1
1492419,3.9000000000000004,3.9000000000000004,1
1494154,5.0,5.0,1
1494167,5.0,5.0,1
1494652,3.0,4.5,1
1497837,6.5,9.75,1
1504595,8.0,8.0,2
1504997,5.0,5.0,1
1505134,5.0,5.0,1
1505136,5.0,5.0,1
1505167,5.0,5.0,1
1505225,2.0,2.0,1
1505413,3.0,3.0,1
1506098,3.0,3.0,1
1507037,2.0,3.0,1
1507163,2.0,2.0,1
1507173,4.0,4.0,2
1507327,5.0,7.5,1
1507330,2.0,2.0,1
1507350,2.0,3.0,1
1508852,3.0,3.0,1
1510251,10.4,12.350000000000001,2
1510288,5.0,5.0,1
1511578,3.9000000000000004,5.8500000000000005,1
1511738,5.0,5.0,1
1520177,3.0,4.5,1
1522632,6.5,6.5,1
1523777,2.6,3.9000000000000004,1
1523805,6.5,9.75,1
1524463,3.0,3.0,1
1524754,2.0,3.0,1
1524966,5.0,5.0,1
1525023,5.0,5.0,1
1525280,8.0,8.0,2
1525313,2.0,3.0,1
1525709,10.0,10.0,2
1525792,3.0,3.0,1
1526258,3.9000000000000004,5.8500000000000005,1
1528562,3.0,4.5,1
1528590,3.0,3.0,1
1529582,5.0,7.5,1
1530030,5.0,7.5,1
1532449,5.0,5.0,1
1540187,3.0,3.0,1
1541557,5.0,5.0,1
1541712,2.0,3.0,1
1541726,7.0,9.5,2
1542596,6.5,6.5,1
1543203,7.800000000000001,7.800000000000001,2
1543374,3.0,3.0,1
1543403,6.5,9.75,1
1543590,3.9000000000000004,5.8500000000000005,1
1544190,6.5,9.75,1
1547748,5.0,5.0,1
1547758,5.0,5.0,1
1547766,7.0,7.0,2
1548194,5.0,7.5,1
1549712,2.0,3.0,1
1553641,5.0,5.0,1
1553818,6.5,6.5,1
1554023,5.0,5.0,1
1556437,3.9000000000000004,3.9000000000000004,1
1558387,5.0,5.0,1
1559626,3.9000000000000004,3.9000000000000004,1
1566329,2.0,2.0,1
1566833,5.0,7.5,1
1566971,2.0,2.0,1
1568495,3.0,4.5,1
1568507,2.0,3.0,1
1572413,2.0,2.0,1
1572481,5.0,5.0,1
1572489,2.0,2.0,1
1572726,6.5,6.5,1
1574896,3.9000000000000004,3.9000000000000004,1
1577513,3.9000000000000004,5.8500000000000005,1
1578488,6.5,9.75,1
1579269,3.0,3.0,1
1580223,2.0,2.0,1
1583616,6.5,9.75,1
1584815,3.0,3.0,1
1586048,3.0,4.5,1
1586779,5.0,5.0,1
1587289,3.0,3.0,1
1587702,5.0,5.0,1
1588424,2.0,2.0,1
1589639,2.6,2.6,1
1590635,6.5,6.5,1
1590907,8.0,12.0,2
1592652,2.0,2.0,1
1592741,5.0,7.5,1
1592799,5.0,7.5,1
1592848,6.5,6.5,1
1592855,6.5,9.75,1
1596133,3.0,3.0,1
1596140,2.0,2.0,1
1596563,2.0,2.0,1
1596582,3.0,4.5,1
1596836,2.0,3.0,1
1596879,3.0,4.5,1
1599467,2.6,2.6,1
1601221,5.0,5.0,1
1601264,3.0,4.5,1
1601265,3.0,4.5,1
1601276,5.0,7.5,1
1601349,2.0,2.0,1
1602769,5.0,7.5,1
1603290,3.0,3.0,1
1603351,3.0,4.5,1
1603651,10.4,15.600000000000001,2
1603663,5.0,7.5,1
1604190,5.0,5.0,1
1604918,3.0,4.5,1
1608162,3.9000000000000004,5.8500000000000005,1
1610006,2.6,2.6,1
1613981,6.0,6.0,2
1613985,3.0,3.0,1
1614584,3.0,3.0,1
1614751,6.5,9.75,1
1615835,6.5,6.5,2
1615932,5.0,5.0,1
1616078,13.0,16.25,2
1617056,5.0,7.5,1
1617728,6.5,6.5,1
1618143,3.0,3.0,1
1618462,3.9000000000000004,3.9000000000000004,1
1619413,5.0,5.0,1
1619476,6.5,9.75,1
1620138,5.0,5.0,1
1621733,6.5,9.75,1
1621814,6.5,6.5,1
1621915,5.0,5.0,1
1622643,3.0,4.5,1
1622681,6.5,6.5,1
1622847,6.5,9.75,1
1623709,3.0,3.0,1
1626256,5.0,5.0,1
1626267,5.0,7.5,1
1626876,2.0,3.0,1
1627584,3.0,3.0,1
1627925,2.0,3.0,1
1628164,2.0,3.0,1
1628179,2.0,2.0,1
1628282,2.0,2.0,1
1628349,2.0,2.0,1
1628417,5.0,7.5,1
1628751,11.0,12.5,4
1628839,5.0,7.5,1
1629124,2.6,3.9000000000000004,1
1629515,3.0,3.0,1
1629977,5.0,7.5,1
1630462,2.0,2.0,1
1631637,5.0,5.0,1
1632195,2.0,2.0,1
1632325,3.9000000000000004,3.9000000000000004,1
1632802,3.0,3.0,1
1634575,3.0,3.0,1
1635073,5.0,5.0,1
1635389,10.0,10.0,1
1635583,5.0,5.0,1
1635906,5.0,5.0,1
1636373,7.0,10.5,2
1636389,2.0,2.0,1
1636426,1.0,1.0,1
1636481,10.0,10.0,1
1636489,6.0,7.5,2
1636491,9.0,13.5,3
1636566,13.0,16.25,2
1636609,6.5,9.75,1
1638152,5.0,5.0,1
1638566,13.0,13.0,2
1638574,5.0,5.0,1
1638779,3.0,3.0,1
1639481,13.0,19.5,1
1639485,6.5,9.75,1
1642057,5.0,5.0,1
1642163,6.5,6.5,1
1643219,3.0,3.0,1
1644241,2.0,2.0,1
1644392,12.0,15.5,3
1644507,3.0,4.5,1
1644636,2.0,2.0,1
1644683,5.0,5.0,1
1644700,2.0,2.0,1
1645274,2.0,2.0,1
1645805,3.0,3.0,1
1645864,3.0,4.5,1
1647099,2.0,2.0,1
1647102,2.0,2.0,1
1647985,5.0,5.0,1
1652392,5.0,5.0,1
1652985,3.9000000000000004,5.8500000000000005,1
1653179,2.0,2.0,1
1653576,3.9000000000000004,5.8500000000000005,1
1654271,3.9000000000000004,3.9000000000000004,1
1654738,5.0,7.5,1
1655557,5.0,5.0,1
1655728,2.0,2.0,1
1656066,3.0,3.0,1
1656068,5.0,5.0,1
1657121,6.5,6.5,1
1657189,6.5,6.5,1
1657252,6.5,6.5,1
1658013,3.0,3.0,1
1658279,2.0,2.0,1
1659131,3.0,3.0,1
1659279,5.0,5.0,1
1659313,3.0,3.0,1
1660780,6.5,9.75,1
1661531,6.5,6.5,1
1662272,5.0,5.0,1
1662466,6.5,9.75,1
1662856,5.0,5.0,1
1664480,3.9000000000000004,3.9000000000000004,1
1664860,2.0,2.0,1
1664933,6.5,6.5,1
1664940,6.5,9.75,1
1665569,6.5,9.75,1
1669023,2.0,2.0,1
1669031,3.0,3.0,1
1669856,6.5,6.5,1
1669932,2.6,3.9000000000000004,1
1670151,5.0,5.0,1
1670478,3.9000000000000004,3.9000000000000004,1
1672064,3.0,3.0,1
1672069,6.5,7.800000000000001,2
1672080,5.0,5.0,1
1672676,5.0,5.0,1
1672722,3.9000000000000004,5.8500000000000005,1
1672739,2.0,2.0,1
1673084,5.0,5.0,1
1673433,3.9000000000000004,3.9000000000000004,1
1674296,2.0,3.0,1
1674298,3.0,3.0,1
1674302,3.0,4.5,1
1675284,3.0,3.0,1
1675484,2.0,3.0,1
1676426,6.5,9.75,1
1678867,3.0,4.5,1
1679473,10.0,10.0,1
1680103,2.6,2.6,1
1681432,6.5,9.75,1
1681439,3.0,3.0,1
1681778,6.0,9.0,2
1681795,3.0,4.5,1
1682190,3.0,3.0,1
1682814,6.5,6.5,1
1682949,6.5,9.75,1
1682954,6.5,9.75,1
1683645,3.0,3.0,1
1683993,6.5,9.75,1
1688170,3.0,3.0,1
1692443,3.0,3.0,1
1692475,5.0,7.5,1
1692579,5.0,5.0,1
1694518,5.0,5.0,1
1695090,5.0,5.0,1
1695154,5.0,5.0,1
1704155,3.0,4.5,1
1706425,10.0,10.0,1
1706431,6.5,6.5,1
1706746,5.0,5.0,1
1707494,2.0,3.0,1
1707549,3.0,3.0,1
1709008,10.0,10.0,1
1711519,6.5,6.5,1
1711873,6.5,6.5,1
1712209,3.0,3.0,1
1714337,3.9000000000000004,3.9000000000000004,1
1714340,3.9000000000000004,5.8500000000000005,1
1715386,5.0,7.5,1
1715821,2.6,3.9000000000000004,1
1715942,6.5,6.5,1
1715965,3.9000000000000004,5.8500000000000005,1
1716018,6.5,6.5,1
1718780,2.0,2.0,1
1720031,5.0,5.0,1
1720258,5.0,5.0,1
1720860,3.0,3.0,1
1721113,6.5,9.75,1
1721167,5.0,5.0,1
1721682,2.0,2.0,1
1723543,3.9000000000000004,5.8500000000000005,1
1724676,11.0,12.5,3
1724826,2.0,3.0,1
1728398,5.0,5.0,1
1728431,6.5,9.75,1
1730049,5.0,7.5,1
1731479,5.0,7.5,1
1731529,2.0,2.0,1
1731857,6.5,6.5,1
1732292,2.0,3.0,1
1735440,3.0,4.5,1
1735904,3.0,3.0,1
1736170,3.9000000000000004,3.9000000000000004,1
1737884,3.0,4.5,1
1738969,3.0,3.0,1
1739301,5.0,5.0,1
1739858,2.6,2.6,1
1739910,3.0,3.0,1
1739955,13.0,19.5,1
1740047,5.0,7.5,1
1740456,2.0,2.0,1
1740463,5.0,5.0,1
1741156,3.0,4.5,1
1744798,3.9000000000000004,3.9000000000000004,1
1746960,3.9000000000000004,5.8500000000000005,1
1747276,2.0,2.0,1
1748202,3.0,3.0,1
1748514,2.6,2.6,1
1749392,6.5,6.5,1
1750702,3.0,4.5,1
1751931,2.0,3.0,1
1752008,2.0,2.0,1
1752312,6.5,9.75,1
1752690,3.0,4.5,1
1755890,5.0,5.0,1
1756180,3.9000000000000004,3.9000000000000004,1
1758092,3.9000000000000004,5.8500000000000005,1
1758198,6.5,9.75,1
1758866,10.0,15.0,2
1758869,2.0,2.0,1
1758878,3.0,3.0,1
1758883,6.5,9.75,1
1758951,3.9000000000000004,3.9000000000000004,1
1759019,5.0,7.5,1
1759129,2.0,2.0,1
1759143,7.0,8.0,2
1759450,2.0,3.0,1
1760020,3.0,3.0,1
1760055,3.0,4.5,1
1762641,5.0,7.5,1
1763902,8.0,8.0,2
1764201,10.0,10.0,1
1764439,2.0,2.0,1
1764441,5.0,5.0,1
1765857,15.6,15.6,3
1767974,6.5,6.5,1
1768374,5.0,7.5,1
1768900,5.0,5.0,1
1775516,3.0,3.0,1
1775592,6.5,6.5,1
1776483,13.0,13.0,1
1776957,3.0,3.0,1
1778563,3.0,4.5,1
1780243,5.0,6.5,2
1781596,6.5,6.5,1
1782230,10.4,13.65,2
1782824,5.0,5.0,1
1785012,5.0,5.0,1
1786528,2.0,3.0,1
1787175,2.6,2.6,1
1791877,5.0,5.0,1
1791984,6.5,6.5,1
1791988,8.0,8.0,2
1792497,6.5,6.5,1
1793377,6.5,9.75,1
1794877,3.0,3.0,1
1794952,5.0,5.0,1
1796373,6.5,6.5,1
1796898,3.9000000000000004,5.8500000000000005,1
1798927,5.0,5.0,1
1799690,2.0,2.0,1
1800115,5.0,5.0,1
1800191,7.800000000000001,9.75,2
1800289,6.5,9.75,1
1801744,5.0,7.5,1
1807518,2.6,2.6,1
1812409,3.0,4.5,1
1812467,5.0,5.0,1
1813982,6.5,6.5,1
1815746,5.0,5.0,1
1819326,2.0,2.0,1
1820595,2.0,2.0,1
1821139,3.9000000000000004,3.9000000000000004,1
1821151,6.5,9.75,1
1821179,2.6,3.9000000000000004,1
1821619,13.0,18.5,4
1822359,2.0,2.0,1
1822360,3.0,3.0,1
1824124,5.0,5.0,1
1825347,5.0,7.5,1
1825383,5.0,5.0,1
1825393,3.0,4.5,1
1825916,2.6,2.6,1
1826221,6.5,9.75,1
1826492,6.5,6.5,1
1826496,3.9000000000000004,5.8500000000000005,1
1826522,3.9000000000000004,5.8500000000000005,1
1827563,5.0,5.0,1
1830145,5.0,5.0,1
1830856,2.6,2.6,1
1831105,3.9000000000000004,3.9000000000000004,1
1832103,2.0,2.0,1
1833237,5.0,5.0,1
1836643,5.0,5.0,1
1836651,5.0,5.0,1
1837291,3.9000000000000004,3.9000000000000004,1
1838065,6.5,6.5,1
1838072,6.5,6.5,1
1838457,6.5,6.5,1
1838459,3.9000000000000004,3.9000000000000004,1
1839560,6.5,9.75,1
1840685,1.0,1.5,1
1844751,3.0,4.5,1
1845436,5.0,5.0,1
1846229,2.0,2.0,1
1846583,5.0,7.5,1
1847268,3.0,4.5,1
1847593,13.0,13.0,1
1848096,2.0,3.0,1
1848106,5.0,5.0,1
1848107,2.0,3.0,1
1848176,3.0,3.0,1
1848491,2.6,2.6,1
1850392,3.9000000000000004,3.9000000000000004,1
1850477,5.0,5.0,1
1850590,3.0,3.0,1
1850633,5.0,5.0,1
1851866,2.0,2.0,1
1852223,3.0,3.0,1
1852224,2.0,2.0,1
1854055,5.0,5.0,1
1854279,7.0,7.0,2
1854409,3.0,4.5,1
1854591,3.9000000000000004,3.9000000000000004,1
1854983,3.0,4.5,1
1856491,5.0,6.0,2
1856994,5.0,5.0,1
1859449,5.0,5.0,1
1860578,5.0,7.5,1
1861635,3.0,3.0,1
1862235,5.0,7.5,1
1864467,6.5,6.5,1
1867720,3.9000000000000004,3.9000000000000004,1
1868085,2.0,3.0,1
1869960,3.0,4.5,1
1870183,2.6,3.9000000000000004,1
1870184,2.6,3.9000000000000004,1
1870352,2.0,2.0,1
1871390,3.0,4.5,1
1871464,3.0,4.5,1
1871806,5.0,7.5,1
1875930,3.0,3.0,1
1878027,3.0,3.0,1
1878576,3.0,3.0,1
1878698,2.0,3.0,1
1879764,2.6,2.6,1
1882492,5.0,5.0,1
1882842,5.0,7.5,1
1891412,5.0,5.0,1
1892867,3.0,4.5,1
1894541,5.0,5.0,1
1895911,3.0,3.0,1
1896518,3.0,3.0,1
1898338,5.0,5.0,1
1900570,5.0,5.0,1
1900810,6.5,6.5,1
1901114,5.0,7.5,1
1902371,5.0,5.0,1
1902502,10.0,15.0,1
1905479,6.5,6.5,1
1912107,6.5,6.5,1
1912108,3.9000000000000004,5.8500000000000005,1
1912110,15.6,20.15,3
1912115,2.6,3.9000000000000004,1
1912239,10.0,13.5,3
1912242,5.0,7.5,1
1914869,5.0,5.0,1
1916631,3.9000000000000004,3.9000000000000004,1
1917961,6.5,6.5,1
1918798,5.0,5.0,1
1919933,6.5,6.5,1
1920094,5.0,7.5,1
1920190,10.0,15.0,1
1920973,3.0,3.0,1
1923498,11.7,11.7,3
1925394,6.5,6.5,1
1925463,5.0,5.0,1
1927193,3.9000000000000004,3.9000000000000004,1
1927313,2.0,2.0,1
1928463,5.0,5.0,1
1929216,6.5,9.75,1
1930474,3.9000000000000004,5.8500000000000005,1
1931164,3.9000000000000004,3.9000000000000004,1
1931801,5.0,5.0,1
1932208,6.5,6.5,1
1934304,2.0,2.0,1
1936274,6.5,9.75,1
1936731,5.0,5.0,1
1937155,2.6,2.6,1
1937252,2.6,3.9000000000000004,1
1937316,3.0,3.0,1
1937446,5.0,7.5,1
1937483,5.0,5.0,1
1939442,10.0,10.0,1
1939498,3.0,3.0,1
1940851,10.4,15.600000000000001,2
1940976,3.9000000000000004,5.8500000000000005,1
1941498,2.6,2.6,1
1941689,5.0,5.0,1
1941843,6.0,6.0,2
1942357,3.9000000000000004,3.9000000000000004,1
1942391,2.0,2.0,1
1942972,2.0,3.0,1
1943597,5.0,7.5,1
1945037,5.0,5.0,1
1946000,3.0,3.0,1
1947397,7.800000000000001,9.75,2
1947694,3.0,3.0,1
1947695,2.0,2.0,1
1947697,5.0,5.0,1
1947698,3.0,3.0,1
1947734,5.0,7.5,1
1947767,3.0,4.5,1
1950358,3.0,3.0,1
1951233,3.0,3.0,1
1952203,6.5,6.5,1
1952538,5.0,5.0,1
1952899,3.9000000000000004,3.9000000000000004,1
1953603,3.0,3.0,1
1954571,2.0,2.0,1
1957616,5.0,7.5,1
1959437,6.5,6.5,1
1960555,6.5,6.5,1
1960925,2.0,3.0,1
1962443,2.0,2.0,1
1962669,2.6,2.6,1
1964756,3.0,3.0,1
1971033,3.0,4.5,1
1974441,5.0,5.0,1
1981494,6.5,6.5,1
1983343,6.5,6.5,1
1983584,9.1,13.65,2
1984098,3.9000000000000004,5.8500000000000005,1
1984119,6.5,6.5,1
1984132,3.0,3.0,1
1984196,6.5,6.5,1
1984207,3.0,3.0,1
1984218,12.0,12.0,3
1985706,3.9000000000000004,3.9000000000000004,1
1986019,3.9000000000000004,3.9000000000000004,1
1986613,3.9000000000000004,3.9000000000000004,1
1988161,3.9000000000000004,3.9000000000000004,1
1988197,7.800000000000001,9.75,2
1988200,3.9000000000000004,5.8500000000000005,1
1991541,5.0,7.5,1
1992852,3.0,4.5,1
1992853,7.0,7.0,2
1992943,3.9000000000000004,3.9000000000000004,1
1993081,6.5,9.75,1
1993327,2.0,2.0,1
1993985,3.0,3.0,1
1994474,3.0,3.0,1
1994827,2.6,3.9000000000000004,1
1995490,6.5,6.5,1
1995684,5.0,7.5,1
1999339,6.5,6.5,1
2005402,2.0,2.0,1
2005637,2.0,2.0,1
2006118,3.9000000000000004,5.8500000000000005,1
2009105,10.0,10.0,1
2010037,3.0,3.0,1
2010042,2.0,2.0,1
2010047,3.0,3.0,1
2010095,3.0,3.0,1
2010126,6.5,6.5,1
2010379,2.6,2.6,1
2010699,5.0,5.0,1
2011272,5.0,7.5,1
2012697,6.5,6.5,1
2013173,13.0,19.5,1
2013860,3.0,3.0,1
2014190,6.5,9.75,1
2015430,3.0,4.5,1
2017436,7.0,7.0,2
2017437,3.0,4.5,1
2017440,8.0,12.0,2
2017633,2.0,3.0,1
2018324,3.0,3.0,1
2018327,8.0,11.0,3
2019601,3.0,4.5,1
2019725,2.0,3.0,1
2019769,3.9000000000000004,3.9000000000000004,1
2020089,3.0,3.0,1
2022907,13.0,19.5,1
2026206,10.0,10.0,1
2026282,3.9000000000000004,3.9000000000000004,1
2026653,10.0,10.0,1
2026655,5.0,5.0,1
2028938,5.0,7.5,1
2030282,3.0,4.5,1
2030622,2.6,3.9000000000000004,1
2033599,6.5,9.75,1
2035700,3.0,3.0,1
2035817,5.0,7.5,1
2036415,3.0,3.0,1
2037022,6.5,6.5,1
2037044,3.0,3.0,1
2037218,5.0,5.0,1
2038185,6.9,6.9,2
2038237,2.0,2.0,1
2038245,6.5,9.75,1
2039480,2.0,3.0,1
2040022,5.0,7.5,1
2040136,2.0,2.0,1
2043945,6.5,6.5,1
2044383,3.9000000000000004,5.8500000000000005,1
2044496,13.0,19.5,1
2044585,6.5,6.5,1
2044587,6.5,6.5,1
2044737,6.5,6.5,1
2047381,2.0,2.0,1
2050343,3.0,3.0,1
2050360,6.5,6.5,1
2052321,3.9000000000000004,5.8500000000000005,1
2052483,5.0,5.0,1
2052574,2.0,2.0,1
2052860,6.5,6.5,1
2053435,2.0,2.0,1
2053532,8.0,10.5,2
2053541,3.0,3.0,1
2053581,3.0,3.0,1
2055236,2.0,2.0,1
2055853,5.0,5.0,1
2057031,2.6,2.6,1
2057523,5.0,5.0,1
2057638,5.0,5.0,1
2057639,5.0,5.0,1
2057758,6.5,6.5,1
2057773,2.6,3.9000000000000004,1
2057860,2.6,2.6,1
2059478,5.0,7.5,1
2060111,5.0,5.0,1
2061643,3.0,4.5,1
2063142,2.6,3.9000000000000004,1
2064175,5.0,5.0,1
2065045,6.5,6.5,1
2068356,5.0,7.5,1
2071310,3.9000000000000004,3.9000000000000004,1
2071626,5.0,5.0,1
2072871,3.9000000000000004,5.8500000000000005,1
2073178,5.0,5.0,1
2073331,2.0,2.0,1
2074594,3.0,3.0,1
2074795,3.0,3.0,1
2075696,3.0,3.0,1
2076473,3.0,4.5,1
2078116,5.0,7.5,1
2078153,3.0,3.0,1
2080416,6.5,9.75,1
2081358,2.6,3.9000000000000004,1
2081411,3.0,3.0,1
2081641,13.0,19.5,2
2082412,6.5,6.5,1
2082530,6.5,6.5,1
2084154,3.0,4.5,1
2085508,6.5,6.5,1
2086797,2.0,3.0,1
2086930,7.800000000000001,7.800000000000001,2
2088970,5.0,5.0,1
2090103,2.0,2.0,1
2090999,10.0,15.0,1
2111676,5.0,7.5,1
2119719,6.5,6.5,1
2120294,10.0,10.0,1
2123171,3.0,3.0,1
2123207,5.0,7.5,1
2126678,3.0,4.5,1
2131087,3.9000000000000004,5.8500000000000005,1
2131577,2.0,3.0,1
2133548,5.0,5.0,1
2136634,5.0,5.0,1
2142111,3.0,3.0,1
2145222,6.5,6.5,1
2146872,5.0,5.0,1
2146891,2.0,2.0,1
2152481,3.9000000000000004,5.8500000000000005,1
2152518,3.9000000000000004,3.9000000000000004,1
2166263,3.0,3.0,1
2167020,2.0,2.0,1
2167243,6.5,6.5,1
2167291,3.0,4.5,1
2167690,6.5,9.75,1
2168408,3.9000000000000004,3.9000000000000004,1
2169563,6.5,6.5,1
2170409,6.5,9.75,1
2172850,3.9000000000000004,3.9000000000000004,1
2172852,3.9000000000000004,5.8500000000000005,1
2173624,3.0,4.5,1
2174787,3.0,3.0,1
2177915,5.0,7.5,1
2182636,13.0,19.5,1
2183224,6.0,6.0,2
2183225,3.0,4.5,1
2185703,5.0,7.5,1
2186853,13.0,19.5,1
2187959,5.0,5.0,1
2187967,5.0,5.0,1
